1,哎哟,āiyō,あっ、あれっ,HSK6-1,
2,挨,āi,順を追って,HSK6-2,
3,癌症,áizhèng,癌,HSK6-3,
4,爱不释手,àibùshìshǒu,大切にして手放すに忍びない,HSK6-4,
5,爱戴,àidài,敬愛する,HSK6-5,
6,暧昧,àimèi,あいまいである,HSK6-6,
7,安居乐业,ānjūlèyè,安穏に暮くらし愉快に働はたらく,HSK6-7,
8,安宁,ānníng,平穏である,HSK6-8,
9,安详,ānxiáng,おっとりしている,HSK6-9,
10,安置,ānzhì,据え置く,HSK6-10,
11,案件,ànjiàn,(法律)事件,HSK6-11,
12,案例,ànlì,判例,HSK6-12,
13,按摩,ànmó,マッサージ,HSK6-13,
14,暗示,ànshì,暗示する,HSK6-14,
15,昂贵,ángguì,値段が高い,HSK6-15,
16,凹凸,āotú,均等でないこと,HSK6-16,
17,熬,áo,煮る,HSK6-17,
18,奥秘,àomì,神秘,HSK6-18,
19,扒,bā,すがりつく,HSK6-19,
20,疤,bā,傷跡,HSK6-20,
21,巴不得,bābudé,待ち望む,HSK6-21,
22,巴结,bājié,取り入る,HSK6-22,
23,拔苗助长,bámiáozhùzhǎng,功を焦ってやり方を間違えるとかえって悪い結果を招く,HSK6-23,
24,把关,bǎguān,関所を守る,HSK6-24,
25,把手,bǎshǒu,ハンドル,HSK6-25,
26,把戏,bǎxì,軽業,HSK6-26,
27,霸道,bàdào,覇道,HSK6-27,
28,罢工,bàgōng,ストライキをする,HSK6-28,
29,掰,bāi,（両手で持って）2つに割る,HSK6-29,
30,百分点,bǎifēndiǎn,ポイント,HSK6-30,
31,摆脱,bǎituō,逃れる,HSK6-31,
32,拜访,bàifǎng,訪れる,HSK6-32,
33,败坏,bàihuài,汚す,HSK6-33,
34,拜年,bàinián,年始のあいさつをする,HSK6-34,
35,拜托,bàituō,お願いする,HSK6-35,
36,颁布,bānbù,発布する,HSK6-36,
37,颁发,bānfā,公布する,HSK6-37,
38,斑纹,bānwén,しま模様,HSK6-38,
39,版本,bǎnběn,版本,HSK6-39,
40,伴侣,bànlǚ,伴侶,HSK6-40,
41,伴随,bànsuí,伴う,HSK6-41,
42,半途而废,bàntú'érfèi,中途でやめる,HSK6-42,
43,扮演,bànyǎn,演じる,HSK6-43,
44,绑架,bǎngjià,拉致する,HSK6-44,
45,榜样,bǎngyàng,手本,HSK6-45,
46,磅,bàng,（重量単位）ポンド,HSK6-46,
47,包庇,bāobì,かばう,HSK6-47,
48,包袱,bāofú,ふろしき,HSK6-48,
49,包围,bāowéi,囲む,HSK6-49,
50,包装,bāozhuāng,包装する,HSK6-50,
51,保管,bǎoguǎn,保管する,HSK6-51,
52,饱和,bǎohé,飽和,HSK6-52,
53,饱经沧桑,bǎojīngcāngsāng,世の移り変わりをいやというほど経験する,HSK6-53,
54,保密,bǎomì,秘密を守る,HSK6-54,
55,保姆,bǎomǔ,"家政婦,保母",HSK6-55,
56,保守,bǎoshǒu,保守的である,HSK6-56,
57,保卫,bǎowèi,防衛する,HSK6-57,
58,保养,bǎoyǎng,養生する,HSK6-58,
59,保障,bǎozhàng,保障する,HSK6-59,
60,保重,bǎozhòng,体を大事にする,HSK6-60,
61,报仇,bàochóu,あだを討つ,HSK6-61,
62,报酬,bàochóu,報酬,HSK6-62,
63,报答,bàodá,報いる,HSK6-63,
64,报到,bàodào,到着・着任を報告する,HSK6-64,
65,爆发,bàofā,爆発する,HSK6-65,
66,报复,bàofù,仕返しをする,HSK6-66,
67,抱负,bàofù,抱負,HSK6-67,
68,曝光,pùguāng,露出する,HSK6-68,
69,暴力,bàolì,暴力,HSK6-69,
70,暴露,bàolù,暴露する,HSK6-70,
71,报社,bàoshè,新聞社,HSK6-71,
72,报销,bàoxiāo,清算する,HSK6-72,
73,抱怨,bàoyuàn,不満に思う,HSK6-73,
74,爆炸,bàozhà,爆発する,HSK6-74,
75,悲哀,bēi'āi,悲しい,HSK6-75,
76,卑鄙,bēibǐ,下劣である,HSK6-76,
77,悲惨,bēicǎn,悲惨である,HSK6-77,
78,北极,běijí,北極,HSK6-78,
79,被动,bèidòng,受動的である,HSK6-79,
80,备份,bèifèn,バックアップ,HSK6-80,
81,被告,bèigào,被告,HSK6-81,
82,贝壳,bèiké,貝殻,HSK6-82,
83,背叛,bèipàn,裏切る,HSK6-83,
84,背诵,bèisòng,暗唱する,HSK6-84,
85,备忘录,bèiwànglù,（外交文書の）覚書,HSK6-85,
86,奔波,bēnbō,駆けずり回る,HSK6-86,
87,奔驰,bēnchí,（車や馬が）疾走する,HSK6-87,
88,本能,běnnéng,本能,HSK6-88,
89,本钱,běnqián,元手,HSK6-89,
90,本人,běnrén,本人,HSK6-90,
91,本身,běnshēn,それ自身,HSK6-91,
92,本事,běnshì,腕前,HSK6-92,
93,本着,běnzhe,基づいて,HSK6-93,
94,笨拙,bènzhuō,不器用である,HSK6-94,
95,崩溃,bēngkuì,崩壊する,HSK6-95,
96,甭,béng,…する必要はない,HSK6-96,
97,蹦,bèng,跳ねる,HSK6-97,
98,迸发,bèngfā,ほとばしる,HSK6-98,
99,逼迫,bīpò,強制する,HSK6-99,
100,鼻涕,bítì,鼻水,HSK6-100,
101,比方,bǐfāng,たとえ,HSK6-101,
102,比喻,bǐyù,比喩,HSK6-102,
103,比重,bǐzhòng,比重,HSK6-103,
104,臂,bì,腕,HSK6-104,
105,弊病,bìbìng,弊害,HSK6-105,
106,必定,bìdìng,きっと、必ず,HSK6-106,
107,弊端,bìduān,弊害,HSK6-107,
108,闭塞,bìsè,塞がる,HSK6-108,
109,碧玉,bìyù,碧玉,HSK6-109,
110,鞭策,biāncè,むち打つ,HSK6-110,
111,边疆,biānjiāng,边疆,HSK6-111,
112,边界,biānjiè,境界,HSK6-112,
113,边境,biānjìng,国境地帯,HSK6-113,
114,边缘,biānyuán,ふち,HSK6-114,
115,编织,biānzhī,編む,HSK6-115,
116,扁,biǎn,平たく薄い,HSK6-116,
117,贬低,biǎndī,低く評価する,HSK6-117,
118,贬义,biǎnyì,けなした表現,HSK6-118,
119,遍布,biànbù,至るところに分布する,HSK6-119,
120,变故,biàngù,災難,HSK6-120,
121,辩护,biànhù,弁護する,HSK6-121,
122,辩解,biànjiě,弁解する,HSK6-122,
123,便利,biànlì,便利である,HSK6-123,
124,变迁,biànqiān,移り変わる,HSK6-124,
125,辨认,biànrèn,見分ける,HSK6-125,
126,便条,biàntiáo,書き付け,HSK6-126,
127,便于,biànyú,（…するのに）便利である,HSK6-127,
128,辩证,biànzhèng,弁証する,HSK6-128,
129,变质,biànzhí,変質する,HSK6-129,
130,辫子,biànzi,お下げ,HSK6-130,
131,标本,biāoběn,標本,HSK6-131,
132,标记,biāojì,標識,HSK6-132,
133,飙升,biāoshēng,急騰する,HSK6-133,
134,标题,biāotí,表題,HSK6-134,
135,表决,biǎojué,表決する,HSK6-135,
136,表态,biǎotài,態度を表明する,HSK6-136,
137,表彰,biǎozhāng,表彰する,HSK6-137,
138,憋,biē,こらえる,HSK6-138,
139,别人,biérén,ほかの人,HSK6-139,
140,别墅,biéshù,別荘,HSK6-140,
141,别致,biézhì,風変わりである,HSK6-141,
142,别扭,bièniu,ひねくれている,HSK6-142,
143,濒临,bīnlín,瀕する,HSK6-143,
144,冰雹,bīngbáo,雹(ひょう),HSK6-144,
145,并存,bìngcún,並存する,HSK6-145,
146,并非,bìngfēi,決して～でない,HSK6-146,
147,并列,bìngliè,並列する,HSK6-147,
148,拨打,bōdǎ,（電話を）かける,HSK6-148,
149,播放,bòfàng,放送する,HSK6-149,
150,波浪,bōlàng,波,HSK6-150,
151,波涛汹涌,bōtāoxiōngyǒng,しける,HSK6-151,
152,剥削,bōxuè,搾取する,HSK6-152,
153,播种,bōzhòng,種をまく,HSK6-153,
154,博大精深,bódàjīngshēn,思想・学識が広く深い,HSK6-154,
155,搏斗,bódòu,格闘する,HSK6-155,
156,博览会,bólǎnhuì,博覧会,HSK6-156,
157,伯母,bómǔ,伯母,HSK6-157,
158,薄弱,bóruò,薄弱である,HSK6-158,
159,补偿,bǔcháng,補償する,HSK6-159,
160,补救,bǔjiù,取り返す,HSK6-160,
161,哺乳,bǔrǔ,哺乳する,HSK6-161,
162,补贴,bǔtiē,補助をする,HSK6-162,
163,捕捉,bǔzhuō,捕らえる,HSK6-163,
164,不得已,bùdéyǐ,やむをえない,HSK6-164,
165,步伐,bùfá,歩調,HSK6-165,
166,不妨,bùfáng,…しても構わない,HSK6-166,
167,不敢当,bùgǎndāng,（褒められた時などに）恐れ入ります,HSK6-167,
168,布告,bùgào,布告,HSK6-168,
169,不顾,bùgù,顧みない,HSK6-169,
170,不禁,bùjīn,思わず,HSK6-170,
171,布局,bùjú,配置する,HSK6-171,
172,不堪,bùkān,堪えられない,HSK6-172,
173,不可思议,bùkěsīyì,不思議である,HSK6-173,
174,不愧,bùkuì,～に恥じない,HSK6-174,
175,不料,bùliào,意外にも,HSK6-175,
176,不时,bùshí,たびたび,HSK6-176,
177,部署,bùshǔ,配置する,HSK6-177,
178,部位,bùwèi,部位,HSK6-178,
179,不惜,bùxī,…を惜しまない,HSK6-179,
180,不相上下,bùxiāngshàngxià,優劣がない,HSK6-180,
181,不像话,bùxiànghuà,話にならない,HSK6-181,
182,不屑一顾,bùxièyīgù,顧だに値しない,HSK6-182,
183,不言而喻,bùyánéryù,言わなくても明らかである,HSK6-183,
184,不由得,bùyóudé,つい思わず,HSK6-184,
185,不择手段,bùzéshǒuduàn,手段を選ばない,HSK6-185,
186,不止,bùzhǐ,～にとどまらない,HSK6-186,
187,布置,bùzhì,配置する,HSK6-187,
188,裁缝,cáiféng,衣服を作る,HSK6-188,
189,财富,cáifù,富、財産,HSK6-189,
190,才干,cáigàn,能力,HSK6-190,
191,裁判,cáipàn,裁判をする,HSK6-191,
192,财务,cáiwù,財務,HSK6-192,
193,裁员,cáiyuán,人員を削減する,HSK6-193,
194,财政,cáizhèng,財政,HSK6-194,
195,采购,cǎigòu,買い付ける,HSK6-195,
196,采集,cǎijí,採集する,HSK6-196,
197,采纳,cǎinà,受け入れる,HSK6-197,
198,彩票,cǎipiào,宝くじ,HSK6-198,
199,参谋,cānmóu,参謀,HSK6-199,
200,参照,cānzhào,参照する,HSK6-200,
201,残酷,cánkù,残酷である,HSK6-201,
202,残留,cánliú,残留する,HSK6-202,
203,残忍,cánrěn,残忍である,HSK6-203,
204,灿烂,cànlàn,光り輝いている,HSK6-204,
205,舱,cāng,（船・飛行機の）客室,HSK6-205,
206,苍白,cāngbái,血の気がなくて青白い,HSK6-206,
207,仓促,cāngcù,慌ただしい,HSK6-207,
208,仓库,cāngkù,倉庫,HSK6-208,
209,操劳,cāoláo,あくせく働く,HSK6-209,
210,操练,cāoliàn,訓練する,HSK6-210,
211,操纵,cāozòng,操縦する,HSK6-211,
212,操作,cāozuò,操作する,HSK6-212,
213,嘈杂,cáozá,騒々しい,HSK6-213,
214,草案,cǎo'àn,草案,HSK6-214,
215,草率,cǎoshuài,ぞんざいである,HSK6-215,
216,策划,cèhuà,画策する,HSK6-216,
217,测量,cèliáng,測量する,HSK6-217,
218,策略,cèlüè,策略,HSK6-218,
219,侧面,cèmiàn,サイド,HSK6-219,
220,层出不穷,céngchūbùqióng,次々と現れて尽きない,HSK6-220,
221,层次,céngcì,順序,HSK6-221,
222,差距,chājù,差異,HSK6-222,
223,查获,cháhuò,捜し捕まえる,HSK6-223,
224,岔,chà,分岐する,HSK6-224,
225,刹那,chànà,瞬間,HSK6-225,
226,诧异,chàyì,不思議に思う,HSK6-226,
227,柴油,cháiyóu,ディーゼル油,HSK6-227,
228,搀,chān,手を貸す,HSK6-228,
229,馋,chán,（他人のものを）ほしがる,HSK6-229,
230,缠绕,chánrào,巻きつく,HSK6-230,
231,阐述,chǎnshù,論述する,HSK6-231,
232,产业,chǎnyè,"産業,財産",HSK6-232,
233,颤抖,chàndǒu,ぶるぶる震える,HSK6-233,
234,猖狂,chāngkuáng,凶暴な,HSK6-234,
235,昌盛,chāngshèng,盛んである,HSK6-235,
236,偿还,chánghuán,返済する,HSK6-236,
237,常年,chángnián,年じゅう,HSK6-237,
238,尝试,chángshì,試みる,HSK6-238,
239,常务,chángwù,常務,HSK6-239,
240,场,chǎng,場,HSK6-240,
241,场合,chǎnghé,場合,HSK6-241,
242,敞开,chǎngkāi,開け放す,HSK6-242,
243,场面,chǎngmiàn,場面,HSK6-243,
244,场所,chǎngsuǒ,場所,HSK6-244,
245,倡导,chàngdǎo,提唱する,HSK6-245,
246,畅通,chàngtōng,滞りなく通じる,HSK6-246,
247,畅销,chàngxiāo,よく売れる,HSK6-247,
248,倡议,chàngyì,提案する,HSK6-248,
249,超级,chāojí,超…、スーパー…,HSK6-249,
250,钞票,chāopiào,紙幣,HSK6-250,
251,超越,chāoyuè,超える,HSK6-251,
252,潮流,cháoliú,潮流,HSK6-252,
253,潮湿,cháoshī,湿っぽい,HSK6-253,
254,嘲笑,cháoxiào,嘲笑する,HSK6-254,
255,撤退,chètuì,撤退する,HSK6-255,
256,撤销,chèxiāo,取り消す,HSK6-256,
257,沉淀,chéndiàn,沈殿する,HSK6-257,
258,陈旧,chénjiù,古い,HSK6-258,
259,陈列,chénliè,陳列する,HSK6-259,
260,沉闷,chénmèn,うっとうしい,HSK6-260,
261,陈述,chénshù,述べる,HSK6-261,
262,沉思,chénsī,考え込む,HSK6-262,
263,沉重,chénzhòng,ずっしり重い,HSK6-263,
264,沉着,chénzhuó,沈着である,HSK6-264,
265,称心如意,chènxīnrúyì,思いどおりになって満足する,HSK6-265,
266,称号,chēnghào,称号,HSK6-266,
267,橙,chéng,橙色,HSK6-267,
268,盛,shèng,盛る,HSK6-268,
269,承办,chéngbàn,引き受ける,HSK6-269,
270,承包,chéngbāo,請け負う,HSK6-270,
271,城堡,chéngbǎo,城,HSK6-271,
272,成本,chéngběn,原価,HSK6-272,
273,惩罚,chéngfá,処罰する,HSK6-273,
274,成交,chéngjiāo,成約する,HSK6-274,
275,承诺,chéngnuò,承諾する,HSK6-275,
276,澄清,chéngqīng,澄んでいる,HSK6-276,
277,成天,chéngtiān,一日中,HSK6-277,
278,乘务员,chéngwùyuán,乗務員,HSK6-278,
279,呈现,chéngxiàn,現われる,HSK6-279,
280,成效,chéngxiào,効果,HSK6-280,
281,成心,chéngxīn,故意に,HSK6-281,
282,成员,chéngyuán,メンバー,HSK6-282,
283,诚挚,chéngzhì,真摯である,HSK6-283,
284,秤,chèng,秤,HSK6-284,
285,吃苦,chīkǔ,苦労する,HSK6-285,
286,吃力,chīlì,骨の折れる,HSK6-286,
287,迟缓,chíhuǎn,のろのろしている,HSK6-287,
288,持久,chíjiǔ,長持ちする,HSK6-288,
289,池塘,chítáng,池,HSK6-289,
290,迟疑,chíyí,ためらう,HSK6-290,
291,赤道,chìdào,赤道,HSK6-291,
292,赤字,chìzì,赤字,HSK6-292,
293,充当,chōngdāng,担当する,HSK6-293,
294,冲动,chōngdòng,興奮する,HSK6-294,
295,冲击,chōngjí,激しくぶつかる,HSK6-295,
296,充沛,chōngpèi,満ちあふれる,HSK6-296,
297,充实,chōngshí,充実している,HSK6-297,
298,冲突,chōngtú,衝突する,HSK6-298,
299,充足,chōngzú,十分足りている,HSK6-299,
300,崇拜,chóngbài,崇拝する,HSK6-300,
301,重叠,chóngdié,幾重にも重ねる,HSK6-301,
302,崇高,chónggāo,崇高である,HSK6-302,
303,崇敬,chóngjìng,崇敬する,HSK6-303,
304,重阳节,chóngyángjié,菊の節句,HSK6-304,
305,抽空,chōukòng,時間を割く,HSK6-305,
306,筹备,chóubèi,計画準備する,HSK6-306,
307,踌躇,chóuchú,躊躇する,HSK6-307,
308,稠密,chóumì,稠密である,HSK6-308,
309,丑恶,chǒu'è,醜悪な,HSK6-309,
310,初步,chūbù,初歩の,HSK6-310,
311,出路,chūlù,出口,HSK6-311,
312,出卖,chūmài,売りに出す,HSK6-312,
313,出身,chūshēn,…の出身である,HSK6-313,
314,出神,chūshén,ぼんやりする,HSK6-314,
315,出息,chūxī,見込み,HSK6-315,
316,出洋相,chūyángxiàng,失態を演じる.恥をさらす,HSK6-316,
317,储备,chúbèi,備畜する,HSK6-317,
318,储存,chúcún,蓄える,HSK6-318,
319,处分,chǔfèn,処分する,HSK6-319,
320,处境,chǔjìng,境遇,HSK6-320,
321,储蓄,chúxù,貯蓄する,HSK6-321,
322,处置,chǔzhì,処置する,HSK6-322,
323,触犯,chùfàn,触れる、犯す,HSK6-323,
324,川流不息,chuānliúbùxī,（人や車の往来が）川の流れのように絶え間なく続く,HSK6-324,
325,穿越,chuānyuè,通り抜ける,HSK6-325,
326,船舶,chuánbó,船舶,HSK6-326,
327,传达,chuándá,伝達する,HSK6-327,
328,传单,chuándān,宣伝びら,HSK6-328,
329,传授,chuánshòu,伝授する,HSK6-329,
330,喘气,chuǎnqì,深呼吸する,HSK6-330,
331,串,chuàn,弦（くしなどに）突き刺す、つながった状態のものを数える,HSK6-331,
332,床单,chuángdān,シーツ,HSK6-332,
333,创立,chuànglì,創立する,HSK6-333,
334,创新,chuàngxīn,新しいものを生み出す,HSK6-334,
335,创业,chuàngyè,創業する,HSK6-335,
336,创作,chuàngzuò,創作する,HSK6-336,
337,吹牛,chuīniú,ほらを吹く,HSK6-337,
338,吹捧,chuīpěng,おだてる,HSK6-338,
339,锤,chuí,"柄の先に金属球を取りつけたもの（金槌,ハンマー）",HSK6-339,
340,垂直,chuízhí,垂直,HSK6-340,
341,纯粹,chúncuì,純粋である,HSK6-341,
342,纯洁,chúnjié,純潔である,HSK6-342,
343,词汇,cíhuì,語彙,HSK6-343,
344,慈祥,cíxiáng,慈悲深くて優しい,HSK6-344,
345,雌雄,cíxióng,雌と雄,HSK6-345,
346,刺,cì,突き刺す,HSK6-346,
347,伺候,cìhòu,仕える,HSK6-347,
348,次品,cìpǐn,不良品,HSK6-348,
349,次序,cìxù,順序,HSK6-349,
350,丛,cóng,群がる,HSK6-350,
351,从容不迫,cóngróngbùpò,悠悠たる,HSK6-351,
352,凑合,còuhé,寄り集まる,HSK6-352,
353,粗鲁,cūlǔ,粗暴である,HSK6-353,
354,窜,cuàn,慌てて逃げ去る,HSK6-354,
355,摧残,cuīcán,損害を与える,HSK6-355,
356,脆弱,cuìruò,脆弱である,HSK6-356,
357,搓,cuō,（両手を合わせて）こする、もむ,HSK6-357,
358,磋商,cuōshāng,協議する,HSK6-358,
359,挫折,cuòzhé,挫折,HSK6-359,
360,搭,dā,組み立てる,HSK6-360,
361,搭档,dādàng,協力する,HSK6-361,
362,搭配,dāpèi,組み合わせる,HSK6-362,
363,答辩,dábiàn,答弁する,HSK6-363,
364,达成,dáchéng,達成する,HSK6-364,
365,答复,dáfù,返答する,HSK6-365,
366,打包,dǎbāo,包む,HSK6-366,
367,打官司,dǎguānsī,訴訟をする,HSK6-367,
368,打击,dǎjí,たたく,HSK6-368,
369,打架,dǎjià,殴り合いのけんかをする,HSK6-369,
370,打量,dǎliang,観察する,HSK6-370,
371,打猎,dǎliè,狩りをする,HSK6-371,
372,打仗,dǎzhàng,戦争する,HSK6-372,
373,大不了,dàbùliǎo,せいぜい,HSK6-373,
374,大臣,dàchén,大臣,HSK6-374,
375,大伙儿,dàhuǒer,皆,HSK6-375,
376,大厦,dàshà,ビルディング,HSK6-376,
377,大肆,dàsì,ほしいままに,HSK6-377,
378,大体,dàtǐ,大体,HSK6-378,
379,大意,dàyì,大体の意味,HSK6-379,
380,大致,dàzhì,大体の,HSK6-380,
381,歹徒,dǎitú,悪人,HSK6-381,
382,逮捕,dàibǔ,逮捕する,HSK6-382,
383,代价,dàijià,代価,HSK6-383,
384,代理,dàilǐ,代理する,HSK6-384,
385,带领,dàilǐng,引率する,HSK6-385,
386,怠慢,dàimàn,冷淡に扱う,HSK6-386,
387,担保,dānbǎo,保証する,HSK6-387,
388,胆怯,dǎnqiè,臆病である,HSK6-388,
389,蛋白质,dànbáizhí,タンパク質,HSK6-389,
390,诞辰,dànchén,誕生日,HSK6-390,
391,淡季,dànjì,閑散季,HSK6-391,
392,诞生,dànshēng,誕生する,HSK6-392,
393,淡水,dànshuǐ,淡水,HSK6-393,
394,当场,dāngchǎng,その場で,HSK6-394,
395,当初,dāngchū,当初,HSK6-395,
396,当面,dāngmiàn,面と向かう,HSK6-396,
397,当前,dāngqián,目下,HSK6-397,
398,当事人,dāngshìrén,当事者,HSK6-398,
399,当务之急,dāngwùzhījí,当面の急務,HSK6-399,
400,当心,dāngxīn,気をつける,HSK6-400,
401,当选,dāngxuǎn,当選する,HSK6-401,
402,党,dǎng,政党,HSK6-402,
403,档案,dǎng'àn,（公的な）保存書類,HSK6-403,
404,档次,dàngcì,等級,HSK6-404,
405,倒闭,dǎobì,倒産する,HSK6-405,
406,导弹,dǎodàn,ミサイル,HSK6-406,
407,导航,dǎoháng,航行を誘導する,HSK6-407,
408,捣乱,dǎoluàn,騒ぎを起こす,HSK6-408,
409,导向,dǎoxiàng,誘導する,HSK6-409,
410,岛屿,dǎoyǔ,島,HSK6-410,
411,稻谷,dàogǔ,籾（もみ）,HSK6-411,
412,盗窃,dàoqiè,盗む,HSK6-412,
413,得不偿失,débùchángshī,得よりも損のほうが大きい,HSK6-413,
414,得力,délì,役に立つ,HSK6-414,
415,得天独厚,détiāndúhòu,条件に恵まれている,HSK6-415,
416,得罪,dézuì,機嫌を損ねる,HSK6-416,
417,蹬,dēng,"(ペダルなど)踏む,足を掛ける",HSK6-417,
418,灯笼,dēnglóng,ちょうちん,HSK6-418,
419,登陆,dēnglù,上陸する,HSK6-419,
420,登录,dēnglù,登録する,HSK6-420,
421,等级,děngjí,等級,HSK6-421,
422,瞪,dèng,（目を）みはる,HSK6-422,
423,堤坝,dībà,堤防、堰,HSK6-423,
424,敌视,díshì,敵視する,HSK6-424,
425,抵达,dǐdá,到着する,HSK6-425,
426,抵抗,dǐkàng,抵抗する,HSK6-426,
427,抵制,dǐzhì,阻止する,HSK6-427,
428,地步,dìbù,（多く好ましくない）状況、境地,HSK6-428,
429,地道,dìdào,地下道,HSK6-429,
430,地势,dìshì,地勢,HSK6-430,
431,递增,dìzēng,逓増する,HSK6-431,
432,地质,dìzhí,地質,HSK6-432,
433,颠簸,diānbǒ,上下に揺れる,HSK6-433,
434,颠倒,diāndǎo,ひっくり返す,HSK6-434,
435,典礼,diǎnlǐ,式典,HSK6-435,
436,典型,diǎnxíng,典型,HSK6-436,
437,点缀,diǎnzhuì,飾りつける,HSK6-437,
438,垫,diàn,敷く,HSK6-438,
439,奠定,diàndìng,（基礎・地位などを）定める、固める,HSK6-439,
440,惦记,diànjì,気にかける,HSK6-440,
441,电源,diànyuán,電源,HSK6-441,
442,叼,diāo,口にくわえる,HSK6-442,
443,雕刻,diāokè,彫刻する,HSK6-443,
444,雕塑,diāosù,彫塑する,HSK6-444,
445,吊,diào,つるす,HSK6-445,
446,调动,diàodòng,"（ポスト・位置などを）変える,移動する",HSK6-446,
447,跌,diē,つまずく,HSK6-447,
448,盯,dīng,見つめる,HSK6-448,
449,叮嘱,dīngzhǔ,繰り返し言い聞かせる,HSK6-449,
450,定期,dìngqí,期日を決める,HSK6-450,
451,定义,dìngyì,定義,HSK6-451,
452,丢人,diūrén,恥をかく,HSK6-452,
453,丢三落四,diūsānlàsì,物忘れが激しい,HSK6-453,
454,东道主,dōngdàozhǔ,主人役,HSK6-454,
455,东张西望,dōngzhāngxīwàng,きょろきょろ見回す,HSK6-455,
456,董事长,dǒngshìzhǎng,"理事長,取締役会長",HSK6-456,
457,栋,dòng,（家屋の数を数える）棟,HSK6-457,
458,动荡,dòngdàng,（波などが）揺れ動く,HSK6-458,
459,动机,dòngjī,動機,HSK6-459,
460,冻结,dòngjié,凍結する,HSK6-460,
461,动静,dòngjìng,物音,HSK6-461,
462,动力,dònglì,動力,HSK6-462,
463,动脉,dòngmài,動脈,HSK6-463,
464,动身,dòngshēn,出発する,HSK6-464,
465,动手,dòngshǒu,着手する,HSK6-465,
466,动态,dòngtài,動態,HSK6-466,
467,洞穴,dòngxué,洞窟,HSK6-467,
468,动员,dòngyuán,動員する,HSK6-468,
469,兜,dōu,ポケット,HSK6-469,
470,陡峭,dǒuqiào,険しい,HSK6-470,
471,斗争,dòuzhēng,闘争する,HSK6-471,
472,督促,dūcù,督促する,HSK6-472,
473,都市,dūshì,都市,HSK6-473,
474,独裁,dúcái,独裁する,HSK6-474,
475,毒品,dúpǐn,麻薬,HSK6-475,
476,赌博,dǔbó,賭博,HSK6-476,
477,堵塞,dǔsè,（穴・道などを）ふさぐ,HSK6-477,
478,杜绝,dùjué,途絶する,HSK6-478,
479,端,duān,端,HSK6-479,
480,端午节,duānwǔjié,端午の節句,HSK6-480,
481,端正,duānzhèng,きちんとしている,HSK6-481,
482,短促,duǎncù,（時間が）短い,HSK6-482,
483,断定,duàndìng,断定する,HSK6-483,
484,断断续续,duànduànxùxù,断続的な,HSK6-484,
485,断绝,duànjué,断絶する,HSK6-485,
486,堆积,duījī,積み上げる,HSK6-486,
487,对策,duìcè,対策,HSK6-487,
488,对称,duìchèn,対称的な,HSK6-488,
489,对付,duìfù,対処する,HSK6-489,
490,兑换,duìhuàn,両替する,HSK6-490,
491,对抗,duìkàng,対抗する,HSK6-491,
492,对立,duìlì,対立する,HSK6-492,
493,对联,duìlián,対聯,HSK6-493,
494,队伍,duìwǔ,軍隊,HSK6-494,
495,兑现,duìxiàn,（手形・小切手などを）現金に換える,HSK6-495,
496,对应,duìyìng,対応する,HSK6-496,
497,对照,duìzhào,対照する,HSK6-497,
498,顿时,dùnshí,直ちに,HSK6-498,
499,哆嗦,duōsuō,震える,HSK6-499,
500,多元化,duōyuánhuà,多様化,HSK6-500,
501,堕落,duòluò,堕落する,HSK6-501,
502,额外,éwài,定額外の,HSK6-502,
503,恶心,ěxīn,吐き気がする,HSK6-503,
504,恶化,èhuà,悪化する,HSK6-504,
505,遏制,èzhì,抑制する,HSK6-505,
506,恩怨,ēnyuàn,恩怨,HSK6-506,
507,而已,éryǐ,…だけである,HSK6-507,
508,耳环,ěrhuán,イヤリング,HSK6-508,
509,二氧化碳,èryǎnghuàtàn,二酸化炭素,HSK6-509,
510,发布,fābù,公布する,HSK6-510,
511,发财,fācái,金持ちになる,HSK6-511,
512,发呆,fādāi,ぼんやりする,HSK6-512,
513,发动,fādòng,（行動を）働はたらきかける,HSK6-513,
514,发火,fāhuǒ,燃えだす,HSK6-514,
515,发觉,fājué,気がつく,HSK6-515,
516,发射,fāshè,発射する,HSK6-516,
517,发誓,fāshì,誓う,HSK6-517,
518,发行,fāxíng,発行する,HSK6-518,
519,发炎,fāyán,炎症を起こす,HSK6-519,
520,发扬,fāyáng,発揮する,HSK6-520,
521,发育,fāyù,発育する,HSK6-521,
522,法人,fǎrén,法人,HSK6-522,
523,番,fān,,HSK6-523,⭐️
524,翻,fān,ひっくり返る,HSK6-524,
525,繁华,fánhuá,繁華である,HSK6-525,
526,繁忙,fánmáng,繁忙である,HSK6-526,
527,繁体字,fántǐzì,繁体字,HSK6-527,
528,繁殖,fánzhí,繁殖する,HSK6-528,
529,反驳,fǎnbó,反駁する,HSK6-529,
530,反常,fǎncháng,異常である,HSK6-530,
531,反倒,fǎndào,かえって、反対に,HSK6-531,
532,反动,fǎndòng,反動的である,HSK6-532,
533,反感,fǎngǎn,反感を持つ,HSK6-533,
534,反抗,fǎnkàng,反抗する,HSK6-534,
535,反馈,fǎnkuì,フィードバック,HSK6-535,
536,反面,fǎnmiàn,"裏側,反面",HSK6-536,
537,反射,fǎnshè,反射する,HSK6-537,
538,反思,fǎnsī,振り返って考え直す,HSK6-538,
539,反问,fǎnwèn,反問する,HSK6-539,
540,反之,fǎnzhī,これとは反対に,HSK6-540,
541,范畴,fànchóu,範疇、カテゴリー,HSK6-541,
542,泛滥,fànlàn,氾濫する,HSK6-542,
543,贩卖,fànmài,販売する,HSK6-543,
544,方位,fāngwèi,方位,HSK6-544,
545,方言,fāngyán,方言,HSK6-545,
546,方针,fāngzhēn,方針,HSK6-546,
547,防守,fángshǒu,防衛する,HSK6-547,
548,防疫,fángyì,防疫する,HSK6-548,
549,防御,fángyù,防御する,HSK6-549,
550,防止,fángzhǐ,防止する,HSK6-550,
551,防治,fángzhì,予防治療する,HSK6-551,
552,纺织,fǎngzhī,紡織をする,HSK6-552,
553,放大,fàngdà,"拡大する,引き伸ばす",HSK6-553,
554,放射,fàngshè,放射する,HSK6-554,
555,放手,fàngshǒu,手を放す,HSK6-555,
556,非法,fēifǎ,不法な,HSK6-556,
557,飞禽走兽,fēiqínzǒushòu,鳥類と獣類,HSK6-557,
558,飞翔,fēixiáng,空を旋回する,HSK6-558,
559,飞跃,fēiyuè,飛躍する,HSK6-559,
560,肥沃,féiwò,肥沃である,HSK6-560,
561,诽谤,fěibàng,誹謗する,HSK6-561,
562,匪徒,fěitú,強盗,HSK6-562,
563,废除,fèichú,廃止する,HSK6-563,
564,沸腾,fèiténg,沸騰する,HSK6-564,
565,废墟,fèixū,廃墟,HSK6-565,
566,分辨,fēnbiàn,"見分ける,識別する",HSK6-566,
567,分寸,fēncùn,程合い,HSK6-567,
568,吩咐,fēnfù,言いつける,HSK6-568,
569,分红,fēnhóng,利益を配当する,HSK6-569,
570,分解,fēnjiě,分解する,HSK6-570,
571,分裂,fēnliè,分裂する,HSK6-571,
572,分泌,fēnmì,分泌する,HSK6-572,
573,分明,fēnmíng,明らかな,HSK6-573,
574,分歧,fēnqí,"相違,不一致",HSK6-574,
575,分散,fēnsàn,分散する,HSK6-575,
576,分手,fēnshǒu,別れる,HSK6-576,
577,坟墓,fénmù,墓,HSK6-577,
578,粉末,fěnmò,粉末,HSK6-578,
579,粉色,fěnsè,薄紅,HSK6-579,
580,粉碎,fěnsuì,粉砕する,HSK6-580,
581,分量,fènliàng,重さ,HSK6-581,
582,风暴,fēngbào,"暴風,嵐",HSK6-582,
583,封闭,fēngbì,密封する,HSK6-583,
584,风度,fēngdù,"風格,態度",HSK6-584,
585,风光,fēngguāng,"風光,景色",HSK6-585,
586,封建,fēngjiàn,封建的な,HSK6-586,
587,锋利,fēnglì,鋭い,HSK6-587,
588,丰满,fēngmǎn,"豊かな,豊満な",HSK6-588,
589,风气,fēngqì,気風,HSK6-589,
590,风趣,fēngqù,ユーモア,HSK6-590,
591,丰盛,fēngshèng,豊富である,HSK6-591,
592,丰收,fēngshōu,豊作である,HSK6-592,
593,封锁,fēngsuǒ,封鎖する,HSK6-593,
594,风土人情,fēngtǔrénqíng,風土と人情,HSK6-594,
595,风味,fēngwèi,味わい,HSK6-595,
596,逢,féng,出会う,HSK6-596,
597,奉献,fèngxiàn,献上する,HSK6-597,
598,否决,fǒujué,否決する,HSK6-598,
599,夫妇,fūfù,夫婦,HSK6-599,
600,夫人,fūrén,夫人,HSK6-600,
601,敷衍,fūyǎn,敷衍する,HSK6-601,
602,幅度,fúdù,幅,HSK6-602,
603,符号,fúhào,"符号,記号",HSK6-603,
604,福利,fúlì,福利、福祉,HSK6-604,
605,俘虏,fúlǔ,捕虜にする,HSK6-605,
606,服气,fúqì,心服する,HSK6-606,
607,福气,fúqi,幸運,HSK6-607,
608,辐射,fúshè,放射する,HSK6-608,
609,腐败,fǔbài,腐敗する,HSK6-609,
610,腐烂,fǔlàn,腐乱する,HSK6-610,
611,腐蚀,fǔshí,腐食する,HSK6-611,
612,腐朽,fǔxiǔ,腐朽している,HSK6-612,
613,抚养,fǔyǎng,養育する,HSK6-613,
614,俯仰,fǔyǎng,うつむいたりあおむいたりする,HSK6-614,
615,辅助,fǔzhù,"協力する,補助的な",HSK6-615,
616,副,fù,"副の,第2の",HSK6-616,
617,负担,fùdān,負担する,HSK6-617,
618,覆盖,fùgài,覆う,HSK6-618,
619,附和,fùhè,付和する,HSK6-619,
620,复活,fùhuó,復活する,HSK6-620,
621,附件,fùjiàn,付属文書,HSK6-621,
622,附属,fùshǔ,付属する,HSK6-622,
623,腹泻,fùxiè,下痢をする,HSK6-623,
624,复兴,fùxīng,復興する,HSK6-624,
625,赋予,fùyǔ,付与する,HSK6-625,
626,富裕,fùyù,裕福である,HSK6-626,
627,副作用,fùzuòyòng,副作用,HSK6-627,
628,改良,gǎiliáng,改良する,HSK6-628,
629,盖章,gàizhāng,捺印する,HSK6-629,
630,尴尬,gāngà,ばつが悪い,HSK6-630,
631,干旱,gānhàn,乾燥している,HSK6-631,
632,干扰,gānrǎo,妨害する,HSK6-632,
633,干涉,gānshè,干渉する,HSK6-633,
634,甘心,gānxīn,喜んで…する,HSK6-634,
635,干预,gānyù,関与する,HSK6-635,
636,感慨,gǎnkǎi,感慨（を覚える）,HSK6-636,
637,感染,gǎnrǎn,感染する,HSK6-637,
638,干劲,gànjìng,意気込み,HSK6-638,
639,扛,káng,担ぐ,HSK6-639,
640,刚刚,gānggāng,…したばかり,HSK6-640,
641,纲领,gānglǐng,綱領,HSK6-641,
642,港口,gǎngkǒu,港,HSK6-642,
643,港湾,gǎngwān,港湾,HSK6-643,
644,岗位,gǎngwèi,持ち場、部署,HSK6-644,
645,杠杆,gànggǎn,(物理)てこ,HSK6-645,
646,高超,gāochāo,ずば抜けている,HSK6-646,
647,高潮,gāocháo,高潮,HSK6-647,
648,高峰,gāofēng,高峰,HSK6-648,
649,高考,gāokǎo,大学統一入学試験,HSK6-649,
650,高明,gāomíng,優れている,HSK6-650,
651,高尚,gāoshàng,高尚である,HSK6-651,
652,高涨,gāozhàng,高揚する,HSK6-652,
653,稿件,gǎojiàn,原稿,HSK6-653,
654,告辞,gàocí,辞去する,HSK6-654,
655,告诫,gàojiè,戒める,HSK6-655,
656,割,gē,"切る,刈る",HSK6-656,
657,搁,gē,置く,HSK6-657,
658,疙瘩,gēda,できもの,HSK6-658,
659,歌颂,gēsòng,賛美する,HSK6-659,
660,隔阂,géhé,隔たり、わだかまり,HSK6-660,
661,格局,géjú,"構え,組み立て,構成",HSK6-661,
662,隔离,gélí,隔離する,HSK6-662,
663,格式,géshì,書式,HSK6-663,
664,各抒己见,gèshūjǐjiàn,おのおの自分の意見を述べる,HSK6-664,
665,个体,gètǐ,個体,HSK6-665,
666,各自,gèzì,各自,HSK6-666,
667,跟前,gēnqián,跟前,HSK6-667,
668,根深蒂固,gēnshēndìgù,根深くて揺るがない,HSK6-668,
669,跟随,gēnsuí,付き従う,HSK6-669,
670,根源,gēnyuán,根源,HSK6-670,
671,跟踪,gēnzōng,追跡する,HSK6-671,
672,耕地,gēngdì,耕地,HSK6-672,
673,更新,gēngxīn,更新する,HSK6-673,
674,更正,gēngzhèng,訂正する,HSK6-674,
675,公安局,gōng'ānjú,警察署,HSK6-675,
676,供不应求,gōngbùyìngqiú,供給が需要に追いつかない,HSK6-676,
677,公道,gōngdào,公正な道理,HSK6-677,
678,宫殿,gōngdiàn,宮殿,HSK6-678,
679,工夫,gōngfū,"（費やされる）時間,暇",HSK6-679,
680,公告,gōnggào,公告,HSK6-680,
681,公关,gōngguān,"広報活動,渉外",HSK6-681,
682,攻击,gōngjí,攻撃する,HSK6-682,
683,供给,gōngjǐ,供給する,HSK6-683,
684,恭敬,gōngjìng,（目上の人や客に対し）恭しい,HSK6-684,
685,功课,gōngkè,授業,HSK6-685,
686,攻克,gōngkè,攻略する,HSK6-686,
687,功劳,gōngláo,功労,HSK6-687,
688,公民,gōngmín,公民,HSK6-688,
689,公婆,gōngpó,夫の両親,HSK6-689,
690,公然,gōngrán,公然と,HSK6-690,
691,公认,gōngrèn,公認する,HSK6-691,
692,公式,gōngshì,公式,HSK6-692,
693,公务,gōngwù,公務,HSK6-693,
694,功效,gōngxiào,効果,HSK6-694,
695,工艺品,gōngyìpǐn,工芸品,HSK6-695,
696,公正,gōngzhèng,公正である,HSK6-696,
697,公证,gōngzhèng,公証,HSK6-697,
698,巩固,gǒnggù,強固である,HSK6-698,
699,共和国,gònghéguó,共和国,HSK6-699,
700,共计,gòngjì,合計して,HSK6-700,
701,共鸣,gòngmíng,共鳴する,HSK6-701,
702,勾结,gōujié,結託する,HSK6-702,
703,钩子,gōuzi,"鉤（かぎ）,フック",HSK6-703,
704,构思,gòusī,構想する,HSK6-704,
705,孤独,gūdú,孤独である,HSK6-705,
706,辜负,gūfù,"（期待などに）背く,（好意などを）無にする",HSK6-706,
707,孤立,gūlì,孤立している,HSK6-707,
708,姑且,gūqiě,"しばらく,ひとまず",HSK6-708,
709,股东,gǔdōng,株主,HSK6-709,
710,古董,gǔdǒng,骨董,HSK6-710,
711,鼓动,gǔdòng,扇動する,HSK6-711,
712,股份,gǔfèn,株式,HSK6-712,
713,骨干,gǔgàn,（物事の全体を支える働きをする）中核,HSK6-713,
714,古怪,gǔguài,風変わりである,HSK6-714,
715,顾虑,gùlǜ,懸念する,HSK6-715,
716,固然,gùrán,もとより…であるが,HSK6-716,
717,顾问,gùwèn,顧問,HSK6-717,
718,故乡,gùxiāng,故郷,HSK6-718,
719,固有,gùyǒu,固有の,HSK6-719,
720,故障,gùzhàng,故障,HSK6-720,
721,固执,gùzhí,固執する,HSK6-721,
722,拐杖,guǎizhàng,杖（つえ）,HSK6-722,
723,官方,guānfāng,政府筋,HSK6-723,
724,观光,guānguāng,観光する,HSK6-724,
725,关照,guānzhào,面倒を見る,HSK6-725,
726,管辖,guǎnxiá,管轄する,HSK6-726,
727,罐,guàn,つぼ、缶,HSK6-727,
728,贯彻,guànchè,貫徹する,HSK6-728,
729,灌溉,guàngài,灌漑する,HSK6-729,
730,惯例,guànlì,慣例,HSK6-730,
731,光彩,guāngcǎi,光彩,HSK6-731,
732,光辉,guānghuī,輝き、光輝,HSK6-732,
733,光芒,guāngmáng,光芒,HSK6-733,
734,广阔,guǎngkuò,広大である,HSK6-734,
735,规范,guīfàn,規範,HSK6-735,
736,规格,guīgé,規格,HSK6-736,
737,归根到底,guīgēndàodǐ,結局,HSK6-737,
738,规划,guīhuà,計画,HSK6-738,
739,归还,guīhuán,返却する,HSK6-739,
740,归纳,guīnà,帰納する,HSK6-740,
741,规章,guīzhāng,規則,HSK6-741,
742,轨道,guǐdào,軌道,HSK6-742,
743,跪,guì,ひざまずく,HSK6-743,
744,贵族,guìzú,貴族,HSK6-744,
745,棍棒,gùnbàng,（武術用の）こん棒,HSK6-745,
746,国防,guófáng,国防,HSK6-746,
747,国务院,guówùyuàn,国務院,HSK6-747,
748,果断,guǒduàn,断固としている,HSK6-748,
749,过度,guòdù,過度である,HSK6-749,
750,过渡,guòdù,移行する,HSK6-750,
751,过奖,guòjiǎng,褒め過ぎる,HSK6-751,
752,过滤,guòlǜ,濾過する,HSK6-752,
753,过失,guòshī,過失,HSK6-753,
754,过问,guòwèn,口出しする,HSK6-754,
755,过瘾,guòyǐn,堪能する,HSK6-755,
756,过于,guòyú,あまりにも…すぎる,HSK6-756,
757,嗨,hāi,ヨイショ、ヤッホー,HSK6-757,
758,海拔,hǎibá,海抜,HSK6-758,
759,海滨,hǎibīn,海岸、海辺,HSK6-759,
760,含糊,hánhú,はっきりしない、あいまいである,HSK6-760,
761,寒暄,hánxuān,時候のあいさつをする,HSK6-761,
762,含义,hányì,意味が深い,HSK6-762,
763,罕见,hǎnjiàn,まれである,HSK6-763,
764,捍卫,hànwèi,断固として守る,HSK6-764,
765,航空,hángkōng,航空,HSK6-765,
766,行列,hángliè,縦列、行列,HSK6-766,
767,航天,hángtiān,宇宙飛行,HSK6-767,
768,航行,hángxíng,航行する、飛行する,HSK6-768,
769,豪迈,háomài,気迫がある,HSK6-769,
770,毫米,háomǐ,ミリメートル,HSK6-770,
771,毫无,háowú,少しも…がない,HSK6-771,
772,耗费,hàofèi,消費する、消耗する,HSK6-772,
773,好客,hàokè,客好き,HSK6-773,
774,号召,hàozhào,呼びかける,HSK6-774,
775,呵,hē,吐く、吹きかける,HSK6-775,
776,和蔼,hé'ǎi,温和である,HSK6-776,
777,合并,hébìng,合併する,HSK6-777,
778,合成,héchéng,合わせて…とする,HSK6-778,
779,合乎,héhū,合う、合致する,HSK6-779,
780,合伙,héhuǒ,一緒に組む,HSK6-780,
781,和解,héjiě,和解する,HSK6-781,
782,和睦,hémù,仲むつまじい,HSK6-782,
783,和气,héqì,穏やかである,HSK6-783,
784,合身,héshēn,体に合う,HSK6-784,
785,合算,hésuàn,勘定に合う,HSK6-785,
786,和谐,héxié,調和が取れている,HSK6-786,
787,嘿,hēi,おい、ほら,HSK6-787,
788,痕迹,hénjī,跡、痕跡,HSK6-788,
789,狠心,hěnxīn,むごい、残忍である,HSK6-789,
790,恨不得,hènbudé,…したくてたまらない,HSK6-790,
791,哼,hēng,フン、チェッ,HSK6-791,
792,哄,hōng,だます、欺く,HSK6-792,
793,烘,hōng,あぶる、乾かす,HSK6-793,
794,轰动,hōngdòng,驚きを引き起こす,HSK6-794,
795,红包,hóngbāo,お年玉,HSK6-795,
796,宏观,hóngguān,巨視的な、マクロの,HSK6-796,
797,洪水,hóngshuǐ,洪水,HSK6-797,
798,宏伟,hóngwěi,雄大である,HSK6-798,
799,喉咙,hóulóng,喉,HSK6-799,
800,吼,hǒu,叫ぶ、怒鳴る,HSK6-800,
801,后代,hòudài,後世,HSK6-801,
802,后顾之忧,hòugùzhīyōu,後顧の憂い、悩み,HSK6-802,
803,后面,hòumiàn,後ろ,HSK6-803,
804,后勤,hòuqín,後方勤務,HSK6-804,
805,候选,hòuxuǎn,候補,HSK6-805,
806,忽略,hūlüè,見落とす,HSK6-806,
807,呼啸,hūxiào,大声で叫ぶ,HSK6-807,
808,呼吁,hūyù,呼びかける,HSK6-808,
809,胡乱,húluàn,何気なく,HSK6-809,
810,湖泊,húbó,湖,HSK6-810,
811,互联网,hùliánwǎng,インターネット,HSK6-811,
812,华丽,huálì,華麗である,HSK6-812,
813,华侨,huáqiáo,華僑,HSK6-813,
814,化肥,huàféi,化学肥料,HSK6-814,
815,划分,huàfēn,分ける,HSK6-815,
816,画蛇添足,huàshétiānzú,余計なつけ足しをする,HSK6-816,
817,化石,huàshí,化石,HSK6-817,
818,话筒,huàtǒng,メガホン,HSK6-818,
819,化验,huàyàn,化学検査をする,HSK6-819,
820,化妆,huàzhuāng,化粧,HSK6-820,
821,怀孕,huáiyùn,妊娠する,HSK6-821,
822,欢乐,huānlè,愉快である,HSK6-822,
823,环节,huánjié,環節,HSK6-823,
824,还原,huányuán,元の状態に戻る,HSK6-824,
825,缓和,huǎnhé,穏やかである,HSK6-825,
826,患者,huànzhě,患者,HSK6-826,
827,荒凉,huāngliáng,うら寂しい,HSK6-827,
828,慌忙,huāngmáng,慌てている,HSK6-828,
829,荒谬,huāngmiù,でたらめである,HSK6-829,
830,荒唐,huāngtáng,途方もない,HSK6-830,
831,黄昏,huánghūn,黄昏,HSK6-831,
832,恍然大悟,huǎngrándàwù,急に悟りを開くこと,HSK6-832,
833,辉煌,huīhuáng,光り輝いている,HSK6-833,
834,挥霍,huīhuò,金を浪費する,HSK6-834,
835,回报,huíbào,報告する,HSK6-835,
836,回避,huíbì,回避する,HSK6-836,
837,回顾,huígù,振り返る,HSK6-837,
838,回收,huíshōu,回収する,HSK6-838,
839,悔恨,huǐhèn,悔やむ,HSK6-839,
840,毁灭,huǐmiè,壊滅させる,HSK6-840,
841,汇报,huìbào,報告,HSK6-841,
842,贿赂,huìlù,賄賂,HSK6-842,
843,会晤,huìwù,会う,HSK6-843,
844,昏迷,hūnmí,昏睡,HSK6-844,
845,浑身,húnshēn,体中,HSK6-845,
846,混合,hùnhé,混ぜる,HSK6-846,
847,混乱,hǔnluàn,混乱,HSK6-847,
848,混淆,hùnxiáo,入り交じる,HSK6-848,
849,混浊,húnzhuó,濁っている,HSK6-849,
850,活该,huógāi,当然のことである,HSK6-850,
851,活力,huólì,活力,HSK6-851,
852,火箭,huǒjiàn,ロケット,HSK6-852,
853,火焰,huǒyàn,炎,HSK6-853,
854,火药,huǒyào,火薬,HSK6-854,
855,货币,huòbì,通貨,HSK6-855,
856,或许,huòxǔ,…かもしれない,HSK6-856,
857,基地,jīdì,ベース,HSK6-857,
858,机动,jīdòng,融通のきく,HSK6-858,
859,饥饿,jī'è,飢餓,HSK6-859,
860,激发,jīfā,奮い起こす,HSK6-860,
861,机构,jīgòu,機構,HSK6-861,
862,机关,jīguān,機関,HSK6-862,
863,基金,jījīn,基金,HSK6-863,
864,激励,jīlì,励ます,HSK6-864,
865,机灵,jīling,すばしこい,HSK6-865,
866,机密,jīmì,機密の,HSK6-866,
867,激情,jīqíng,激情,HSK6-867,
868,讥笑,jīxiào,あざ笑う,HSK6-868,
869,机械,jīxiè,機械,HSK6-869,
870,基因,jīyīn,遺伝子,HSK6-870,
871,机遇,jīyù,チャンス,HSK6-871,
872,机智,jīzhì,機転が利く,HSK6-872,
873,即便,jíbiàn,仮に,HSK6-873,
874,级别,jíbié,レベル,HSK6-874,
875,疾病,jíbìng,病気,HSK6-875,
876,嫉妒,jídù,妬む,HSK6-876,
877,极端,jíduān,極端な,HSK6-877,
878,急功近利,jígōngjìnlì,目先の成功や利益を得ようと焦る,HSK6-878,
879,籍贯,jíguàn,本籍,HSK6-879,
880,即将,jíjiāng,間もなく,HSK6-880,
881,急剧,jíjù,急激である,HSK6-881,
882,急切,jíqiè,切羽詰まっている,HSK6-882,
883,集团,jítuán,集団,HSK6-883,
884,极限,jíxiàn,極限,HSK6-884,
885,吉祥,jíxiáng,めでたい,HSK6-885,
886,急于求成,jíyúqiúchéng,焦る,HSK6-886,
887,及早,jízǎo,できるだけ早く,HSK6-887,
888,急躁,jízào,落ち着かない,HSK6-888,
889,给予,jǐyǔ,与える,HSK6-889,
890,继承,jìchéng,受け継ぐ,HSK6-890,
891,季度,jìdù,四半期,HSK6-891,
892,忌讳,jìhuì,忌む,HSK6-892,
893,计较,jìjiào,計算する,HSK6-893,
894,寂静,jìjìng,静寂,HSK6-894,
895,季军,jìjūn,第3位,HSK6-895,
896,技能,jìnéng,技能,HSK6-896,
897,技巧,jìqiǎo,技巧,HSK6-897,
898,寄托,jìtuō,預ける,HSK6-898,
899,继往开来,jìwǎngkāilái,前人の事業を受け継ぎ,HSK6-899,
900,迹象,jīxiàng,徴候,HSK6-900,
901,记性,jìxìng,記憶力,HSK6-901,
902,纪要,jìyào,摘要,HSK6-902,
903,记载,jìzǎi,記載する,HSK6-903,
904,家常,jiācháng,日常のこと,HSK6-904,
905,加工,jiāgōng,加工,HSK6-905,
906,家伙,jiāhuo,家具,HSK6-906,
907,加剧,jiājù,激化する,HSK6-907,
908,家属,jiāshǔ,家族,HSK6-908,
909,佳肴,jiāyáo,うまい料理,HSK6-909,
910,家喻户晓,jiāyùhùxiǎo,家ごとに知れ渡っている,HSK6-910,
911,夹杂,jiázá,混ぜる,HSK6-911,
912,假设,jiǎshè,仮説,HSK6-912,
913,假使,jiǎshǐ,もし,HSK6-913,
914,坚定,jiāndìng,確固としている,HSK6-914,
915,监督,jiāndū,監督,HSK6-915,
916,尖端,jiānduān,先端,HSK6-916,
917,坚固,jiāngù,壊れない,HSK6-917,
918,艰难,jiānnán,困難である,HSK6-918,
919,坚韧,jiānrèn,強じんである,HSK6-919,
920,坚实,jiānshí,堅実である,HSK6-920,
921,监视,jiānshì,監視,HSK6-921,
922,坚硬,jiānyìng,硬い,HSK6-922,
923,监狱,jiānyù,刑務所,HSK6-923,
924,兼职,jiānzhí,兼職,HSK6-924,
925,拣,jiǎn,選ぶ,HSK6-925,
926,剪彩,jiǎncǎi,テープカットする,HSK6-926,
927,简化,jiǎnhuà,簡単にする,HSK6-927,
928,简陋,jiǎnlòu,粗末である,HSK6-928,
929,检讨,jiǎntǎo,検討する,HSK6-929,
930,简体字,jiǎntǐzì,簡体字,HSK6-930,
931,检验,jiǎnyàn,検査する,HSK6-931,
932,简要,jiǎnyào,簡単で要を得ている,HSK6-932,
933,溅,jiàn,飛び散る,HSK6-933,
934,鉴别,jiànbié,鑑別する,HSK6-934,
935,间谍,jiàndié,スパイ,HSK6-935,
936,鉴定,jiàndìng,鑑定,HSK6-936,
937,见多识广,jiànduōshìguǎng,見聞が豊かで知識が広い,HSK6-937,
938,间隔,jiàngé,間隔,HSK6-938,
939,间接,jiànjiē,間接の,HSK6-939,
940,见解,jiànjiě,見解,HSK6-940,
941,健全,jiànquán,健全,HSK6-941,
942,践踏,jiàntà,踏む,HSK6-942,
943,舰艇,jiàntǐng,艦艇,HSK6-943,
944,见闻,jiànwén,見聞,HSK6-944,
945,见义勇为,jiànyìyǒngwéi,正義のために勇敢に事を行なう,HSK6-945,
946,鉴于,jiànyú,にかんがみて,HSK6-946,
947,将近,jiāngjìn,…に近づく,HSK6-947,
948,将军,jiāngjūn,王手をかける,HSK6-948,
949,僵硬,jiāngyìng,こわばっている,HSK6-949,
950,桨,jiǎng,オール,HSK6-950,
951,奖励,jiǎnglì,奨励する,HSK6-951,
952,奖赏,jiǎngshǎng,賞品を与え褒めたたえる,HSK6-952,
953,降临,jiànglín,訪れる,HSK6-953,
954,交叉,jiāochā,交差する,HSK6-954,
955,交代,jiāodài,引き継ぐ,HSK6-955,
956,焦点,jiāodiǎn,焦点,HSK6-956,
957,焦急,jiāojí,いらいらする,HSK6-957,
958,娇气,jiāoqì,甘える気持ち,HSK6-958,
959,交涉,jiāoshè,交渉,HSK6-959,
960,交往,jiāowǎng,交際する,HSK6-960,
961,交易,jiāoyì,取引する,HSK6-961,
962,搅拌,jiǎobàn,かき混ぜる,HSK6-962,
963,角落,jiǎoluò,隅,HSK6-963,
964,缴纳,jiǎonà,納める,HSK6-964,
965,较量,jiàoliàng,対決する,HSK6-965,
966,教养,jiàoyǎng,しつける,HSK6-966,
967,皆,jiē,全て,HSK6-967,
968,阶层,jiēcéng,階層,HSK6-968,
969,揭发,jiēfā,摘発する,HSK6-969,
970,接连,jiēlián,次々と,HSK6-970,
971,揭露,jiēlù,暴き出す,HSK6-971,
972,杰出,jiéchū,傑出している,HSK6-972,
973,结果,jiéguǒ,結果,HSK6-973,
974,竭尽全力,jiéjìnquánlì,心一杯,HSK6-974,
975,结晶,jiéjīng,結晶,HSK6-975,
976,结局,jiéjú,結局,HSK6-976,
977,结算,jiésuàn,決算する,HSK6-977,
978,截至,jiézhì,締め切る,HSK6-978,
979,节奏,jiézòu,リズム,HSK6-979,
980,解除,jiěchú,解除する,HSK6-980,
981,解雇,jiěgù,解雇する,HSK6-981,
982,解剖,jiěpōu,解剖する,HSK6-982,
983,解散,jiěsàn,解散する,HSK6-983,
984,解体,jiětǐ,解体する,HSK6-984,
985,戒备,jièbèi,警戒する,HSK6-985,
986,借鉴,jièjiàn,参考にする,HSK6-986,
987,界限,jièxiàn,限界,HSK6-987,
988,借助,jièzhù,助けを借りる,HSK6-988,
989,津津有味,jīnjīnyǒuwèi,興味津々である,HSK6-989,
990,金融,jīnróng,金融,HSK6-990,
991,尽快,jǐnkuài,できるだけ早く,HSK6-991,
992,尽量,jǐnliàng,できるだけ,HSK6-992,
993,紧密,jǐnmì,緊密である,HSK6-993,
994,紧迫,jǐnpò,緊迫している,HSK6-994,
995,锦绣前程,jǐnxiùqiánchéng,明るい未来,HSK6-995,
996,进而,jìn'ér,更に進んで,HSK6-996,
997,进攻,jìngōng,攻撃する,HSK6-997,
998,进化,jìnhuà,進化,HSK6-998,
999,近来,jìnlái,近頃,HSK6-999,
1000,浸泡,jìnpào,液体に浸す,HSK6-1000,
1001,晋升,jìnshēng,昇進する,HSK6-1001,
1002,近视,jìnshì,近視,HSK6-1002,
1003,劲头,jìntóu,やる気,HSK6-1003,
1004,进展,jìnzhǎn,進展する,HSK6-1004,
1005,茎,jīng,茎,HSK6-1005,
1006,精打细算,jīngdǎxìsuàn,細かく見積る,HSK6-1006,
1007,惊动,jīngdòng,騒いでじゃまをする,HSK6-1007,
1008,经费,jīngfèi,経費,HSK6-1008,
1009,精华,jīnghuá,エッセンス,HSK6-1009,
1010,精简,jīngjiǎn,簡潔にする,HSK6-1010,
1011,兢兢业业,jīngjīngyèyè,慎重で勤勉である,HSK6-1011,
1012,精密,jīngmì,精密である,HSK6-1012,
1013,惊奇,jīngqí,驚き不思議がる,HSK6-1013,
1014,精确,jīngquè,誤差がなく正確である,HSK6-1014,
1015,经商,jīngshāng,商売をする,HSK6-1015,
1016,精通,jīngtōng,精通する,HSK6-1016,
1017,经纬,jīngwěi,経緯、いきさつ,HSK6-1017,
1018,精心,jīngxīn,入念である,HSK6-1018,
1019,惊讶,jīngyà,あっと驚く,HSK6-1019,
1020,精益求精,jīngyìqiújīng,優れている上に更に磨きをかける,HSK6-1020,
1021,精致,jīngzhì,精巧で細密である,HSK6-1021,
1022,井,jǐng,井戸,HSK6-1022,
1023,警告,jǐnggào,警告する,HSK6-1023,
1024,警惕,jǐngtì,警戒する,HSK6-1024,
1025,颈椎,jǐngchuí,頸髄,HSK6-1025,
1026,境界,jìngjiè,境界,HSK6-1026,
1027,敬礼,jìnglǐ,敬礼する,HSK6-1027,
1028,竞赛,jìngsài,競争する,HSK6-1028,
1029,镜头,jìngtóu,レンズ,HSK6-1029,
1030,竞选,jìngxuǎn,選挙を争う,HSK6-1030,
1031,纠纷,jiūfēn,紛糾、紛争,HSK6-1031,
1032,纠正,jiūzhèng,是正する,HSK6-1032,
1033,酒精,jiǔjīng,アルコール,HSK6-1033,
1034,救济,jiùjì,救済する,HSK6-1034,
1035,就近,jiùjìn,最寄り,HSK6-1035,
1036,就业,jiùyè,就業する,HSK6-1036,
1037,就职,jiùzhí,就任する,HSK6-1037,
1038,鞠躬,jūgōng,一生懸命に気を遣う,HSK6-1038,
1039,拘留,jūliú,身柄を拘束する,HSK6-1039,
1040,拘束,jūshù,束縛する,HSK6-1040,
1041,居住,jūzhù,居住する,HSK6-1041,
1042,局部,júbù,局部,HSK6-1042,
1043,局面,júmiàn,情勢、状況,HSK6-1043,
1044,局势,júshì,形勢、情勢,HSK6-1044,
1045,局限,júxiàn,限定する,HSK6-1045,
1046,举动,jǔdòng,ふるまい、動き,HSK6-1046,
1047,咀嚼,jǔjué,咀嚼する,HSK6-1047,
1048,沮丧,jǔsàng,しょげている,HSK6-1048,
1049,举世闻名,jǔshìwénmíng,世界的に有名である,HSK6-1049,
1050,举世瞩目,jǔshìzhǔmù,世界の注目を集めている,HSK6-1050,
1051,举足轻重,jǔzúqīngzhòng,重要な地位にある,HSK6-1051,
1052,剧本,jùběn,脚本,HSK6-1052,
1053,聚精会神,jùjīnghuìshén,精神を集中する,HSK6-1053,
1054,剧烈,jùliè,厳しい,HSK6-1054,
1055,据悉,jùxī,知るところによると…の由である,HSK6-1055,
1056,决策,juécè,政策・方策を決定する,HSK6-1056,
1057,绝望,juéwàng,絶望,HSK6-1057,
1058,觉悟,juéwù,意識、自覚,HSK6-1058,
1059,觉醒,juéxǐng,覚醒する、目覚める,HSK6-1059,
1060,军队,jūnduì,軍隊,HSK6-1060,
1061,卡通,kǎtōng,漫画,HSK6-1061,
1062,开采,kāicǎi,採掘する,HSK6-1062,
1063,开除,kāichú,除名する、免職する,HSK6-1063,
1064,开阔,kāikuò,広々としている,HSK6-1064,
1065,开朗,kāilǎng,広々として明るい,HSK6-1065,
1066,开明,kāimíng,進歩的でものわかりがよい,HSK6-1066,
1067,开辟,kāipì,切り開く、開拓する,HSK6-1067,
1068,开水,kāishuǐ,湯、熱湯,HSK6-1068,
1069,开拓,kāità,開拓する、切り開く,HSK6-1069,
1070,开展,kāizhǎn,展開させる,HSK6-1070,
1071,开支,kāizhī,支出する、支払う,HSK6-1071,
1072,刊登,kāndēng,掲載する、登載する,HSK6-1072,
1073,勘探,kāntàn,探査する,HSK6-1073,
1074,刊物,kānwù,刊行物,HSK6-1074,
1075,看待,kàndài,取り扱う、待遇する,HSK6-1075,
1076,看来,kànlái,見たところ,HSK6-1076,
1077,看望,kànwàng,訪問する、訪れる,HSK6-1077,
1078,慷慨,kāngkǎi,気前がよい、物惜しみしない,HSK6-1078,
1079,考察,kǎochá,考察する,HSK6-1079,
1080,考古,kǎogǔ,考古学,HSK6-1080,
1081,考核,kǎohé,査定する、審査する,HSK6-1081,
1082,考验,kǎoyàn,試す、検証する,HSK6-1082,
1083,靠拢,kàolǒng,接近する、近寄る,HSK6-1083,
1084,磕,kē,あたる、ぶつかる,HSK6-1084,
1085,颗粒,kēlì,粒、顆粒,HSK6-1085,
1086,科目,kēmù,科目,HSK6-1086,
1087,可观,kěguān,見るに値する,HSK6-1087,
1088,可口,kěkǒu,口に合う,HSK6-1088,
1089,渴望,kěwàng,渇望する,HSK6-1089,
1090,可恶,kěwù,憎らしい,HSK6-1090,
1091,可笑,kěxiào,おかしい,HSK6-1091,
1092,可行,kěxíng,実行できる,HSK6-1092,
1093,刻不容缓,kèbùrónghuǎn,一刻の猶予も許さない,HSK6-1093,
1094,客户,kèhù,取引先,HSK6-1094,
1095,课题,kètí,課題,HSK6-1095,
1096,啃,kěn,かじる,HSK6-1096,
1097,恳切,kěnqiè,懇切である,HSK6-1097,
1098,坑,kēng,穴、くぼみ,HSK6-1098,
1099,空洞,kōngdòng,空洞,HSK6-1099,
1100,空前绝后,kōngqiánjuéhòu,空前絶後である,HSK6-1100,
1101,空想,kōngxiǎng,空想する,HSK6-1101,
1102,空虚,kōngxū,空虚である,HSK6-1102,
1103,孔,kǒng,穴,HSK6-1103,
1104,恐吓,kǒnghè,脅かす,HSK6-1104,
1105,恐惧,kǒngjù,恐れる,HSK6-1105,
1106,空白,kòngbái,空白、余白,HSK6-1106,
1107,空隙,kòngxì,すき間、間隔,HSK6-1107,
1108,口气,kǒuqì,語気、口調,HSK6-1108,
1109,口腔,kǒuqiāng,口腔,HSK6-1109,
1110,口头,kǒutóu,口頭、口先,HSK6-1110,
1111,口音,kǒuyīn,発音,HSK6-1111,
1112,枯竭,kūjié,枯渇する、尽きる,HSK6-1112,
1113,枯燥,kūzào,面白味がない,HSK6-1113,
1114,苦尽甘来,kǔjìngānlái,苦しい時が去って、やっと楽しい日が訪れること,HSK6-1114,
1115,挎,kuà,掛ける,HSK6-1115,
1116,跨,kuà,またぐ,HSK6-1116,
1117,快活,kuàihuó,楽しい,HSK6-1117,
1118,宽敞,kuānchǎng,広々している,HSK6-1118,
1119,款待,kuǎndài,丁重にもてなす,HSK6-1119,
1120,款式,kuǎnshì,様式,HSK6-1120,
1121,筐,kuāng,かご,HSK6-1121,
1122,框架,kuàngjià,骨格,HSK6-1122,
1123,旷课,kuàngkè,授業をサボる,HSK6-1123,
1124,况且,kuàngqiě,まして、その上,HSK6-1124,
1125,亏待,kuīdài,不当な扱いをする,HSK6-1125,
1126,亏损,kuīsǔn,欠損する,HSK6-1126,
1127,昆虫,kūnchóng,昆虫,HSK6-1127,
1128,捆绑,kǔnbǎng,縄で縛る,HSK6-1128,
1129,扩充,kuòchōng,拡充する,HSK6-1129,
1130,扩散,kuòsàn,拡散する,HSK6-1130,
1131,扩张,kuòzhāng,拡張する,HSK6-1131,
1132,啦,la,だよ！,HSK6-1132,
1133,喇叭,lǎbā,らっぱ,HSK6-1133,
1134,来历,láilì,素姓、背景,HSK6-1134,
1135,来源,láiyuán,源、源泉,HSK6-1135,
1136,栏目,lánmù,記事、コーナー,HSK6-1136,
1137,懒惰,lǎnduò,怠惰である,HSK6-1137,
1138,狼狈,lángbèi,困り果てている,HSK6-1138,
1139,朗读,lǎngdú,朗読する,HSK6-1139,
1140,捞,lāo,すくい上げる,HSK6-1140,
1141,唠叨,láodāo,ぶつぶつ言う,HSK6-1141,
1142,牢固,láogù,揺るがない,HSK6-1142,
1143,牢骚,láosāo,愚痴,HSK6-1143,
1144,乐趣,lèqù,喜び,HSK6-1144,
1145,乐意,lèyì,喜んで…する,HSK6-1145,
1146,雷达,léidá,レーダー,HSK6-1146,
1147,类似,lèisì,類似,HSK6-1147,
1148,冷淡,lěngdàn,冷たい,HSK6-1148,
1149,冷酷,lěngkù,冷酷,HSK6-1149,
1150,冷却,lěngquè,冷却,HSK6-1150,
1151,愣,lèng,ぽかんとする,HSK6-1151,
1152,黎明,límíng,夜明け,HSK6-1152,
1153,理睬,lǐcǎi,相手にする,HSK6-1153,
1154,里程碑,lǐchéngbēi,マイルストーン,HSK6-1154,
1155,礼节,lǐjié,礼節,HSK6-1155,
1156,理所当然,lǐsuǒdāngrán,理の当然,HSK6-1156,
1157,理直气壮,lǐzhíqìzhuàng,話の筋が通っていて意気盛んである,HSK6-1157,
1158,理智,lǐzhì,理知,HSK6-1158,
1159,立场,lìchǎng,立場,HSK6-1159,
1160,历代,lìdài,歴代,HSK6-1160,
1161,利害,lìhài,利害,HSK6-1161,
1162,立交桥,lìjiāoqiáo,立体交差橋,HSK6-1162,
1163,历来,lìlái,これまで,HSK6-1163,
1164,利率,lìlǜ,金利,HSK6-1164,
1165,力所能及,lìsuǒnéngjí,自分の能力で成し得る,HSK6-1165,
1166,立体,lìtǐ,三次元,HSK6-1166,
1167,力图,lìtú,極力…しようと図る,HSK6-1167,
1168,例外,lìwài,例外,HSK6-1168,
1169,力争,lìzhēng,全力で戦い取る,HSK6-1169,
1170,立足,lìzú,立脚する,HSK6-1170,
1171,联欢,liánhuān,交歓する,HSK6-1171,
1172,廉洁,liánjié,清廉である,HSK6-1172,
1173,联络,liánluò,連絡する,HSK6-1173,
1174,联盟,liánméng,連盟,HSK6-1174,
1175,连年,liánnián,毎年毎年,HSK6-1175,
1176,连锁,liánsuǒ,連鎖,HSK6-1176,
1177,连同,liántóng,…と合わせて,HSK6-1177,
1178,联想,liánxiǎng,連想する,HSK6-1178,
1179,良心,liángxīn,良心,HSK6-1179,
1180,晾,liàng,干す、乾かす,HSK6-1180,
1181,谅解,liàngjiě,了解する,HSK6-1181,
1182,辽阔,liáokuò,果てしなく広い,HSK6-1182,
1183,列举,lièjǔ,列挙する,HSK6-1183,
1184,淋,lín,注ぐ,HSK6-1184,
1185,临床,línchuáng,臨床の,HSK6-1185,
1186,吝啬,lìnsè,けち臭い,HSK6-1186,
1187,凌晨,língchén,早朝、夜明け,HSK6-1187,
1188,灵感,línggǎn,霊感,HSK6-1188,
1189,灵魂,línghún,霊魂,HSK6-1189,
1190,伶俐,línglì,利発である,HSK6-1190,
1191,灵敏,língmǐn,敏感,HSK6-1191,
1192,零星,língxīng,こまごまとした,HSK6-1192,
1193,领会,lǐnghuì,会得する,HSK6-1193,
1194,领事馆,lǐngshìguǎn,領事館,HSK6-1194,
1195,领土,lǐngtǔ,領土,HSK6-1195,
1196,领悟,lǐngwù,悟る,HSK6-1196,
1197,领先,lǐngxiān,先頭を切る,HSK6-1197,
1198,领袖,lǐngxiù,指導者,HSK6-1198,
1199,溜,liū,滑る,HSK6-1199,
1200,流浪,liúlàng,流浪する,HSK6-1200,
1201,留恋,liúliàn,名残を惜しむ,HSK6-1201,
1202,流露,liúlù,流露する,HSK6-1202,
1203,流氓,liúmáng,ならず者,HSK6-1203,
1204,留念,liúniàn,記念に残す,HSK6-1204,
1205,留神,liúshén,気をつける,HSK6-1205,
1206,流通,liútōng,流動する,HSK6-1206,
1207,聋哑,lóngyǎ,耳が聞こえずものを言うことができない人,HSK6-1207,
1208,隆重,lóngzhòng,盛大で厳かである,HSK6-1208,
1209,垄断,lǒngduàn,独占,HSK6-1209,
1210,笼罩,lóngzhào,上から覆う,HSK6-1210,
1211,搂,lǒu,寄せ集める,HSK6-1211,
1212,炉灶,lúzào,ストーブ,HSK6-1212,
1213,轮船,lúnchuán,汽船,HSK6-1213,
1214,轮廓,lúnkuò,輪郭,HSK6-1214,
1215,轮胎,lúntāi,タイヤ,HSK6-1215,
1216,论坛,lùntán,論壇,HSK6-1216,
1217,论证,lùnzhèng,根拠、論拠,HSK6-1217,
1218,啰唆,luōsuō,くどくどしい,HSK6-1218,
1219,螺丝钉,luósīdīng,ねじ、ボルト,HSK6-1219,
1220,落成,luòchéng,落成する,HSK6-1220,
1221,落实,luòshí,着実である、実際的である,HSK6-1221,
1222,络绎不绝,luòyìbùjué,人や車の往来がはげしいさま,HSK6-1222,
1223,屡次,lǚcì,しばしば、たびたび,HSK6-1223,
1224,履行,lǚxíng,実行する、履行する,HSK6-1224,
1225,掠夺,lüèduó,略奪する,HSK6-1225,
1226,略微,lüèwēi,少し、いささか,HSK6-1226,
1227,麻痹,mábì,麻痺,HSK6-1227,
1228,麻木,mámù,麻痺する、しびれる,HSK6-1228,
1229,麻醉,mázuì,麻酔する,HSK6-1229,
1230,码头,mǎtóu,波止場,HSK6-1230,
1231,嘛,ma,じゃないのか,HSK6-1231,
1232,埋伏,máifú,待ち伏せする,HSK6-1232,
1233,埋没,máimò,うずめる、埋没させる,HSK6-1233,
1234,埋葬,máizàng,埋葬する、葬る,HSK6-1234,
1235,迈,mài,足を運ぶ、足を踏み出す,HSK6-1235,
1236,脉搏,màibó,脈拍,HSK6-1236,
1237,埋怨,mányuàn,恨む,HSK6-1237,
1238,漫长,màncháng,長くて果てしがない,HSK6-1238,
1239,漫画,mànhuà,漫画,HSK6-1239,
1240,慢性,mànxìng,慢性的,HSK6-1240,
1241,蔓延,mànyán,蔓延する、延び広がる,HSK6-1241,
1242,忙碌,mánglù,ばたばたと忙しい,HSK6-1242,
1243,茫茫,mángmáng,広々と果てしない,HSK6-1243,
1244,盲目,mángmù,盲目的である,HSK6-1244,
1245,茫然,mángrán,さっぱり見当がつかない,HSK6-1245,
1246,冒充,màochōng,偽る、かたる,HSK6-1246,
1247,茂盛,màoshèng,繁茂している,HSK6-1247,
1248,枚,méi,個、枚,HSK6-1248,
1249,媒介,méijiè,仲介者、媒介物,HSK6-1249,
1250,媒体,méitǐ,メディア,HSK6-1250,
1251,没辙,méizhé,手の打ちようがない,HSK6-1251,
1252,美观,měiguān,美しい,HSK6-1252,
1253,美满,měimǎn,満ち足りている,HSK6-1253,
1254,美妙,měimiào,麗しい,HSK6-1254,
1255,门诊,ménzhěn,外来患者を診察する,HSK6-1255,
1256,蒙,méng,ごまかす、だます,HSK6-1256,
1257,萌芽,méngyá,発芽する,HSK6-1257,
1258,猛烈,měngliè,猛烈である,HSK6-1258,
1259,梦想,mèngxiǎng,夢,HSK6-1259,
1260,眯,mī,目を細める,HSK6-1260,
1261,弥补,míbǔ,補塡する、補う,HSK6-1261,
1262,迷惑,míhuò,見当がつかない,HSK6-1262,
1263,弥漫,mímàn,満ちる、みなぎる,HSK6-1263,
1264,迷人,mírén,魅力的な,HSK6-1264,
1265,迷失,míshī,誤る、見失う,HSK6-1265,
1266,迷信,míxìn,迷信,HSK6-1266,
1267,密度,mìdù,密度,HSK6-1267,
1268,密封,mìfēng,密封,HSK6-1268,
1269,免得,miǎndé,…しないで済むようにする,HSK6-1269,
1270,勉励,miǎnlì,励ます,HSK6-1270,
1271,勉强,miǎnqiáng,しぶしぶである,HSK6-1271,
1272,免疫,miǎnyì,免疫,HSK6-1272,
1273,面貌,miànmào,顔立ち、容貌,HSK6-1273,
1274,面子,miànzi,表面、表,HSK6-1274,
1275,描绘,miáohuì,描写する,HSK6-1275,
1276,渺小,miǎoxiǎo,微小である、些細である,HSK6-1276,
1277,蔑视,mièshì,蔑視する,HSK6-1277,
1278,灭亡,mièwáng,滅亡する、滅びる,HSK6-1278,
1279,民间,mínjiān,民間,HSK6-1279,
1280,民用,mínyòng,民用の,HSK6-1280,
1281,敏感,mǐngǎn,敏感,HSK6-1281,
1282,敏捷,mǐnjié,敏捷である,HSK6-1282,
1283,敏锐,mǐnruì,鋭い,HSK6-1283,
1284,名次,míngcì,順番,HSK6-1284,
1285,名额,míng'é,定員、定数,HSK6-1285,
1286,名副其实,míngfùqíshí,名実相伴う,HSK6-1286,
1287,明明,míngmíng,明らかに,HSK6-1287,
1288,名誉,míngyù,名誉,HSK6-1288,
1289,命名,mìngmíng,命名する,HSK6-1289,
1290,摸索,mōsuǒ,探る,HSK6-1290,
1291,膜,mó,膜,HSK6-1291,
1292,摩擦,mócā,摩擦,HSK6-1292,
1293,模范,mófàn,模範,HSK6-1293,
1294,魔鬼,móguǐ,悪魔,HSK6-1294,
1295,磨合,móhé,慣らし運転,HSK6-1295,
1296,模式,móshì,モデル、手本,HSK6-1296,
1297,魔术,móshù,マジック,HSK6-1297,
1298,模型,móxíng,模型、モデル,HSK6-1298,
1299,抹杀,mǒshā,抹殺する、抹消する,HSK6-1299,
1300,莫名其妙,mòmíngqímiào,何がなんだかわからない,HSK6-1300,
1301,默默,mòmò,黙々としている,HSK6-1301,
1302,墨水儿,mòshuǐer,インク,HSK6-1302,
1303,谋求,móuqiú,求める,HSK6-1303,
1304,模样,múyàng,顔立ち,HSK6-1304,
1305,母语,mǔyǔ,母国語,HSK6-1305,
1306,目睹,mùdǔ,目の当たりにする,HSK6-1306,
1307,目光,mùguāng,目の表情,HSK6-1307,
1308,沐浴,mùyù,風呂,HSK6-1308,
1309,拿手,náshǒu,得意である,HSK6-1309,
1310,纳闷儿,nàmèner,納得がいかない,HSK6-1310,
1311,耐用,nàiyòng,長持ちする,HSK6-1311,
1312,难得,nándé,貴重である,HSK6-1312,
1313,难堪,nánkān,耐えられない,HSK6-1313,
1314,难免,nánmiǎn,避けられない,HSK6-1314,
1315,难能可贵,nánnéngkěguì,誠に見上げたものである,HSK6-1315,
1316,恼火,nǎohuǒ,腹を立てる,HSK6-1316,
1317,内涵,nèihán,内包,HSK6-1317,
1318,内幕,nèimù,内情,HSK6-1318,
1319,内在,nèizài,内在的な,HSK6-1319,
1320,能量,néngliàng,エネルギー,HSK6-1320,
1321,嗯,ń,ああ,HSK6-1321,
1322,拟定,nǐdìng,定める,HSK6-1322,
1323,年度,niándù,年度,HSK6-1323,
1324,捏,niē,つまむ、挾む,HSK6-1324,
1325,拧,níng,ねじる、絞る,HSK6-1325,
1326,凝固,nínggù,凝固,HSK6-1326,
1327,凝聚,níngjù,凝集,HSK6-1327,
1328,凝视,níngshì,凝视,HSK6-1328,
1329,宁肯,nìngkěn,むしろ,HSK6-1329,
1330,宁愿,nìngyuàn,かなり,HSK6-1330,
1331,纽扣儿,niǔkòuer,ボタン,HSK6-1331,
1332,扭转,niǔzhuǎn,くるりと向きを変える,HSK6-1332,
1333,浓厚,nónghòu,濃い,HSK6-1333,
1334,农历,nónglì,陰暦,HSK6-1334,
1335,奴隶,núlì,奴隷,HSK6-1335,
1336,挪,nuó,動き,HSK6-1336,
1337,虐待,nüèdài,呵責,HSK6-1337,
1338,哦,ó,まあ,HSK6-1338,
1339,殴打,ōudǎ,殴打する,HSK6-1339,
1340,欧洲,ōuzhōu,ヨーロッパ,HSK6-1340,
1341,呕吐,ǒutù,吐く,HSK6-1341,
1342,趴,pā,嘘,HSK6-1342,
1343,排斥,páichì,拒絶する,HSK6-1343,
1344,排除,páichú,除外する,HSK6-1344,
1345,排放,páifàng,放射,HSK6-1345,
1346,徘徊,páihuái,徘徊する,HSK6-1346,
1347,派别,pàibié,党派,HSK6-1347,
1348,派遣,pàiqiǎn,派遣,HSK6-1348,
1349,攀登,pāndēng,クライミング,HSK6-1349,
1350,盘旋,pánxuán,ぐるぐる回る,HSK6-1350,
1351,畔,pàn,そば,HSK6-1351,
1352,判决,pànjué,判決,HSK6-1352,
1353,庞大,pángdà,巨大な,HSK6-1353,
1354,抛弃,pāoqì,放棄,HSK6-1354,
1355,泡沫,pàomò,泡沫,HSK6-1355,
1356,培训,péixùn,訓練し養成する,HSK6-1356,
1357,培育,péiyù,養い,HSK6-1357,
1358,配备,pèibèi,配備する,HSK6-1358,
1359,配偶,pèi'ǒu,配偶者,HSK6-1359,
1360,配套,pèitào,完全なセットにする,HSK6-1360,
1361,盆地,péndì,盆地,HSK6-1361,
1362,烹饪,pēngrèn,料理を作る,HSK6-1362,
1363,捧,pěng,持つ、抱える,HSK6-1363,
1364,劈,pī,割る,HSK6-1364,
1365,批发,pīfā,卸し売りする,HSK6-1365,
1366,批判,pīpàn,批判,HSK6-1366,
1367,疲惫,píbèi,疲労困憊している,HSK6-1367,
1368,皮革,pígé,革,HSK6-1368,
1369,疲倦,píjuàn,くたびれて元気がない,HSK6-1369,
1370,脾气,píqì,気性,HSK6-1370,
1371,屁股,pìgu,尻,HSK6-1371,
1372,譬如,pìrú,例えば,HSK6-1372,
1373,偏差,piānchā,偏差,HSK6-1373,
1374,偏见,piānjiàn,偏見,HSK6-1374,
1375,偏僻,piānpì,辺ぴである,HSK6-1375,
1376,偏偏,piānpiān,わざと、あくまでも,HSK6-1376,
1377,片段,piànduàn,断片,HSK6-1377,
1378,片刻,piànkè,方時,HSK6-1378,
1379,漂浮,piāofú,浮かぶ、漂う,HSK6-1379,
1380,飘扬,piāoyáng,ひらひら翻る,HSK6-1380,
1381,拼搏,pīnbó,力いっぱい頑張る,HSK6-1381,
1382,拼命,pīnmìng,必死に,HSK6-1382,
1383,贫乏,pínfá,貧しい,HSK6-1383,
1384,频繁,pínfán,頻繁,HSK6-1384,
1385,贫困,pínkùn,貧しい,HSK6-1385,
1386,频率,pínlǜ,周波数,HSK6-1386,
1387,品尝,pǐncháng,味,HSK6-1387,
1388,品德,pǐndé,道義,HSK6-1388,
1389,品行,pǐnxíng,行動,HSK6-1389,
1390,品质,pǐnzhí,品質,HSK6-1390,
1391,平凡,píngfán,一般,HSK6-1391,
1392,评估,pínggū,評価し見積もる,HSK6-1392,
1393,评论,pínglùn,評論,HSK6-1393,
1394,平面,píngmiàn,平面,HSK6-1394,
1395,平坦,píngtǎn,平坦,HSK6-1395,
1396,平行,píngxíng,並行,HSK6-1396,
1397,平原,píngyuán,平原,HSK6-1397,
1398,屏障,píngzhàng,障壁,HSK6-1398,
1399,坡,pō,坂,HSK6-1399,
1400,泼,pō,ぶちまける,HSK6-1400,
1401,颇,pǒ,不公平である,HSK6-1401,
1402,迫不及待,pòbùjídài,矢も盾もたまらず,HSK6-1402,
1403,迫害,pòhài,迫害,HSK6-1403,
1404,破例,pòlì,慣例を破る,HSK6-1404,
1405,魄力,pòlì,大胆さ,HSK6-1405,
1406,扑,pū,飛びかかる,HSK6-1406,
1407,铺,pù,ショップ,HSK6-1407,
1408,普及,pǔjí,普及,HSK6-1408,
1409,朴实,pǔshí,質素である,HSK6-1409,
1410,瀑布,pùbù,滝,HSK6-1410,
1411,欺负,qīfù,いじめる,HSK6-1411,
1412,凄凉,qīliáng,物悲しい,HSK6-1412,
1413,欺骗,qīpiàn,だます,HSK6-1413,
1414,期望,qīwàng,期待する,HSK6-1414,
1415,期限,qíxiàn,期限,HSK6-1415,
1416,奇妙,qímiào,奇妙,HSK6-1416,
1417,旗袍,qípáo,チャイナドレス,HSK6-1417,
1418,齐全,qíquán,すべてそろっている,HSK6-1418,
1419,歧视,qíshì,差別視する,HSK6-1419,
1420,齐心协力,qíxīnxiélì,努力を作り,HSK6-1420,
1421,旗帜,qízhì,旗,HSK6-1421,
1422,起草,qǐcǎo,草稿を作る,HSK6-1422,
1423,启程,qǐchéng,出発する,HSK6-1423,
1424,起初,qǐchū,初め,HSK6-1424,
1425,起伏,qǐfú,起伏する,HSK6-1425,
1426,乞丐,qǐgài,物もらい,HSK6-1426,
1427,起哄,qǐhòng,騒ぎ立てる,HSK6-1427,
1428,起码,qǐmǎ,最小限度の,HSK6-1428,
1429,启示,qǐshì,教え示す,HSK6-1429,
1430,启事,qǐshì,お知らせ,HSK6-1430,
1431,起义,qǐyì,武力革命を起こす,HSK6-1431,
1432,岂有此理,qǐyǒucǐlǐ,そんなばかなことがあるか,HSK6-1432,
1433,起源,qǐyuán,起源,HSK6-1433,
1434,器材,qìcái,器材,HSK6-1434,
1435,气概,qìgài,気概,HSK6-1435,
1436,气功,qìgōng,気功,HSK6-1436,
1437,器官,qìguān,器官,HSK6-1437,
1438,迄今为止,qìjīnwéizhǐ,今迄,HSK6-1438,
1439,气魄,qìpò,気迫,HSK6-1439,
1440,气色,qìsè,顔色,HSK6-1440,
1441,气势,qìshì,気勢、気迫,HSK6-1441,
1442,气味,qìwèi,におい、香り,HSK6-1442,
1443,气象,qìxiàng,気象,HSK6-1443,
1444,气压,qìyā,気圧,HSK6-1444,
1445,掐,qiā,押さえる,HSK6-1445,
1446,恰当,qiàdàng,適当である,HSK6-1446,
1447,恰到好处,qiàdàohǎochù,ちょうど適当である,HSK6-1447,
1448,恰巧,qiàqiǎo,幸いに,HSK6-1448,
1449,洽谈,qiàtán,面談する,HSK6-1449,
1450,牵扯,qiānchě,かかわり合う,HSK6-1450,
1451,签订,qiāndìng,調印する,HSK6-1451,
1452,千方百计,qiānfāngbǎijì,あらゆる手段,HSK6-1452,
1453,迁就,qiānjiù,妥協する,HSK6-1453,
1454,签署,qiānshǔ,署名する,HSK6-1454,
1455,迁徙,qiānxǐ,移動する,HSK6-1455,
1456,谦逊,qiānxùn,謙虚,HSK6-1456,
1457,牵制,qiānzhì,牽制する,HSK6-1457,
1458,前景,qiánjǐng,前景,HSK6-1458,
1459,潜力,qiánlì,潜在力,HSK6-1459,
1460,潜水,qiánshuǐ,潜水,HSK6-1460,
1461,前提,qiántí,前提,HSK6-1461,
1462,潜移默化,qiányímòhuà,知らず知らずのうちに感化される,HSK6-1462,
1463,谴责,qiǎnzé,糾弾する,HSK6-1463,
1464,抢劫,qiǎngjié,略奪する,HSK6-1464,
1465,强制,qiángzhì,強制する,HSK6-1465,
1466,抢救,qiǎngjiù,緊急措置を取る,HSK6-1466,
1467,强迫,qiǎngpò,強迫,HSK6-1467,
1468,桥梁,qiáoliáng,橋梁,HSK6-1468,
1469,翘,qiào,浮き上がる,HSK6-1469,
1470,锲而不舍,qiè'érbùshě,根気よく物事をする,HSK6-1470,
1471,切实,qièshí,切実,HSK6-1471,
1472,侵犯,qīnfàn,侵略,HSK6-1472,
1473,钦佩,qīnpèi,感服する,HSK6-1473,
1474,亲热,qīnrè,とても温かい,HSK6-1474,
1475,亲身,qīnshēn,自分自身で,HSK6-1475,
1476,勤俭,qínjiǎn,勤勉で倹約する,HSK6-1476,
1477,勤恳,qínkěn,勤勉,HSK6-1477,
1478,氢,qīng,水素,HSK6-1478,
1479,清澈,qīngchè,澄みわたっている,HSK6-1479,
1480,清晨,qīngchén,早朝,HSK6-1480,
1481,清除,qīngchú,一掃する,HSK6-1481,
1482,轻而易举,qīngéryìjǔ,造作なくできる,HSK6-1482,
1483,清洁,qīngjié,清潔である,HSK6-1483,
1484,清理,qīnglǐ,細かく整理する,HSK6-1484,
1485,倾听,qīngtīng,耳を傾ける,HSK6-1485,
1486,清晰,qīngxī,はっきりしている,HSK6-1486,
1487,倾向,qīngxiàng,傾向,HSK6-1487,
1488,倾斜,qīngxié,傾斜する,HSK6-1488,
1489,清醒,qīngxǐng,明晰である,HSK6-1489,
1490,清真,qīngzhēn,イスラム教徒,HSK6-1490,
1491,情报,qíngbào,情報,HSK6-1491,
1492,情节,qíngjié,いきさつ,HSK6-1492,
1493,晴朗,qínglǎng,晴朗である,HSK6-1493,
1494,情理,qínglǐ,情理,HSK6-1494,
1495,情形,qíngxíng,状況,HSK6-1495,
1496,请柬,qǐngjiǎn,招待状,HSK6-1496,
1497,请教,qǐngjiào,教えを請う,HSK6-1497,
1498,请示,qǐngshì,指示を仰ぐ,HSK6-1498,
1499,请帖,qǐngtiě,招待状,HSK6-1499,
1500,丘陵,qiūlíng,丘陵,HSK6-1500,
1501,区分,qūfēn,区分,HSK6-1501,
1502,屈服,qūfú,屈服,HSK6-1502,
1503,区域,qūyù,区域,HSK6-1503,
1504,曲折,qūzhé,曲折,HSK6-1504,
1505,驱逐,qūzhú,駆逐する,HSK6-1505,
1506,渠道,qúdào,用水路,HSK6-1506,
1507,取缔,qǔdì,取締る,HSK6-1507,
1508,曲子,qǔzi,歌,HSK6-1508,
1509,趣味,qùwèi,趣味,HSK6-1509,
1510,圈套,quāntào,策略,HSK6-1510,
1511,权衡,quánhéng,量る,HSK6-1511,
1512,全局,quánjú,全曲面,HSK6-1512,
1513,全力以赴,quánlìyǐfù,全力を傾けて事に当たる,HSK6-1513,
1514,拳头,quántóu,拳,HSK6-1514,
1515,权威,quánwēi,権威,HSK6-1515,
1516,权益,quányì,権益,HSK6-1516,
1517,犬,quǎn,犬,HSK6-1517,
1518,缺口,quēkǒu,決壊したところ,HSK6-1518,
1519,缺席,quēxí,欠席する,HSK6-1519,
1520,缺陷,quēxiàn,欠陥,HSK6-1520,
1521,瘸,qué,びっこをひく,HSK6-1521,
1522,确保,quèbǎo,確保する,HSK6-1522,
1523,确立,quèlì,確立する,HSK6-1523,
1524,确切,quèqiè,適当である,HSK6-1524,
1525,确信,quèxìn,確信する,HSK6-1525,
1526,群众,qúnzhòng,群衆,HSK6-1526,
1527,染,rǎn,染める,HSK6-1527,
1528,让步,ràngbù,譲歩する,HSK6-1528,
1529,饶恕,ráoshù,許す,HSK6-1529,
1530,扰乱,rǎoluàn,かき乱す,HSK6-1530,
1531,惹祸,rěhuò,災いを招く,HSK6-1531,
1532,热泪盈眶,rèlèiyíngkuàng,熱い涙,HSK6-1532,
1533,热门,rèmén,人気のあるもの,HSK6-1533,
1534,仁慈,réncí,情け深い,HSK6-1534,
1535,人道,réndào,人道,HSK6-1535,
1536,人格,réngé,人格,HSK6-1536,
1537,人工,réngōng,人工的な,HSK6-1537,
1538,人家,rénjiā,家庭,HSK6-1538,
1539,人间,rénjiān,人間,HSK6-1539,
1540,人士,rénshì,人々,HSK6-1540,
1541,人为,rénwéi,人為的な,HSK6-1541,
1542,人性,rénxìng,人間性,HSK6-1542,
1543,人质,rénzhì,人質,HSK6-1543,
1544,忍耐,rěnnài,忍耐,HSK6-1544,
1545,忍受,rěnshòu,我慢する,HSK6-1545,
1546,认定,rèndìng,認定する,HSK6-1546,
1547,认可,rènkě,許可する,HSK6-1547,
1548,任命,rènmìng,任命,HSK6-1548,
1549,任性,rènxìng,わがままである,HSK6-1549,
1550,任意,rènyì,任意に,HSK6-1550,
1551,任重道远,rènzhòngdàoyuǎn,責任重大である,HSK6-1551,
1552,仍旧,réngjiù,依然として,HSK6-1552,
1553,日新月异,rìxīnyuèyì,日進月歩する,HSK6-1553,
1554,日益,rìyì,日増しに,HSK6-1554,
1555,溶解,róngjiě,溶解する,HSK6-1555,
1556,容貌,róngmào,容貌,HSK6-1556,
1557,容纳,róngnà,収容する,HSK6-1557,
1558,容器,róngqì,容器,HSK6-1558,
1559,融洽,róngqià,解け合っている,HSK6-1559,
1560,容忍,róngrěn,容認,HSK6-1560,
1561,揉,róu,揉む,HSK6-1561,
1562,柔和,róuhé,柔和,HSK6-1562,
1563,弱点,ruòdiǎn,弱点,HSK6-1563,
1564,若干,ruògān,若干,HSK6-1564,
1565,撒谎,sāhuǎng,嘘をつく,HSK6-1565,
1566,腮,sāi,顎,HSK6-1566,
1567,三角,sānjiǎo,三角形,HSK6-1567,
1568,散文,sǎnwén,散文,HSK6-1568,
1569,散发,sànfà,散髪,HSK6-1569,
1570,丧失,sàngshī,喪失,HSK6-1570,
1571,嫂子,sǎozi,兄嫁,HSK6-1571,
1572,色彩,sècǎi,色彩,HSK6-1572,
1573,刹车,shāchē,ブレーキ,HSK6-1573,
1574,啥,shà,何,HSK6-1574,
1575,筛选,shāixuǎn,ふるいにかける,HSK6-1575,
1576,山脉,shānmài,山脈,HSK6-1576,
1577,闪烁,shǎnshuò,フリッカー,HSK6-1577,
1578,擅长,shàncháng,…に堪能である,HSK6-1578,
1579,擅自,shànzì,勝手に,HSK6-1579,
1580,扇子,shànzi,扇子,HSK6-1580,
1581,商标,shāngbiāo,商標,HSK6-1581,
1582,伤脑筋,shāngnǎojīn,心を悩ます,HSK6-1582,
1583,上级,shàngjí,上級,HSK6-1583,
1584,上进心,shàngjìnxīn,向上心,HSK6-1584,
1585,上任,shàngrèn,前任,HSK6-1585,
1586,上瘾,shàngyǐn,癖になる,HSK6-1586,
1587,上游,shàngyóu,上流,HSK6-1587,
1588,梢,shāo,先、端,HSK6-1588,
1589,捎,shāo,持って行く,HSK6-1589,
1590,哨,shào,偵察する,HSK6-1590,
1591,奢侈,shēchǐ,贅沢である,HSK6-1591,
1592,涉及,shèjí,関連する,HSK6-1592,
1593,设立,shèlì,設立,HSK6-1593,
1594,社区,shèqū,コミュニティ,HSK6-1594,
1595,摄取,shèqǔ,摂取する,HSK6-1595,
1596,摄氏度,shèshìdù,摂氏,HSK6-1596,
1597,设想,shèxiǎng,仮想する,HSK6-1597,
1598,设置,shèzhì,設置する,HSK6-1598,
1599,深奥,shēn'ào,難しくて理解しにくい,HSK6-1599,
1600,申报,shēnbào,申告する,HSK6-1600,
1601,深沉,shēnchén,深い,HSK6-1601,
1602,深情厚谊,shēnqínghòuyì,相手を深く思う気持ち,HSK6-1602,
1603,绅士,shēnshì,紳士,HSK6-1603,
1604,呻吟,shēnyín,うめき声を上げる,HSK6-1604,
1605,神奇,shénqí,たいへん奇妙である,HSK6-1605,
1606,神气,shénqì,表情,HSK6-1606,
1607,神情,shénqíng,顔つき,HSK6-1607,
1608,神色,shénsè,面持ち,HSK6-1608,
1609,神圣,shénshèng,神聖である,HSK6-1609,
1610,神态,shéntài,表情や態度,HSK6-1610,
1611,神仙,shénxiān,仙人,HSK6-1611,
1612,审查,shěnchá,審査する,HSK6-1612,
1613,审理,shěnlǐ,審理する,HSK6-1613,
1614,审美,shěnměi,美醜を見分ける,HSK6-1614,
1615,审判,shěnpàn,裁判する,HSK6-1615,
1616,渗透,shèntòu,浸透する,HSK6-1616,
1617,慎重,shènzhòng,慎重,HSK6-1617,
1618,牲畜,shēngchù,家畜,HSK6-1618,
1619,生存,shēngcún,生存,HSK6-1619,
1620,生机,shēngjī,生気,HSK6-1620,
1621,生理,shēnglǐ,生理,HSK6-1621,
1622,声明,shēngmíng,声明,HSK6-1622,
1623,声势,shēngshì,勢い,HSK6-1623,
1624,生疏,shēngshū,慣れない,HSK6-1624,
1625,生态,shēngtài,生態,HSK6-1625,
1626,生物,shēngwù,生物,HSK6-1626,
1627,生效,shēngxiào,効力が表われる,HSK6-1627,
1628,生锈,shēngxiù,さびが出る,HSK6-1628,
1629,生育,shēngyù,生育,HSK6-1629,
1630,声誉,shēngyù,評判,HSK6-1630,
1631,省会,shěnghuì,省都,HSK6-1631,
1632,盛产,shèngchǎn,たくさん産出する,HSK6-1632,
1633,胜负,shèngfù,勝負,HSK6-1633,
1634,盛开,shèngkāi,満開になる,HSK6-1634,
1635,盛情,shèngqíng,厚情,HSK6-1635,
1636,盛行,shèngxíng,盛んに行なわれる,HSK6-1636,
1637,师范,shīfàn,模範,HSK6-1637,
1638,施加,shījiā,与える,HSK6-1638,
1639,尸体,shītǐ,死体,HSK6-1639,
1640,失误,shīwù,ミスをする,HSK6-1640,
1641,施展,shīzhǎn,発揮する,HSK6-1641,
1642,狮子,shīzi,ライオン,HSK6-1642,
1643,失踪,shīzōng,失踪する,HSK6-1643,
1644,拾,shí,拾う,HSK6-1644,
1645,识别,shìbié,識別,HSK6-1645,
1646,时差,shíchā,時差,HSK6-1646,
1647,时常,shícháng,いつも,HSK6-1647,
1648,时而,shí'ér,時々,HSK6-1648,
1649,时光,shíguāng,時間,HSK6-1649,
1650,实惠,shíhuì,実利,HSK6-1650,
1651,时机,shíjī,チャンス,HSK6-1651,
1652,实力,shílì,実力,HSK6-1652,
1653,实施,shíshī,実施する,HSK6-1653,
1654,时事,shíshì,時事,HSK6-1654,
1655,实事求是,shíshìqiúshì,事物の真実を求める,HSK6-1655,
1656,石油,shíyóu,石油,HSK6-1656,
1657,实质,shízhì,実質,HSK6-1657,
1658,时装,shízhuāng,流行の服装,HSK6-1658,
1659,十足,shízú,満ちている,HSK6-1659,
1660,使命,shǐmìng,使命,HSK6-1660,
1661,势必,shìbì,いきおい,HSK6-1661,
1662,世代,shìdài,世代,HSK6-1662,
1663,示范,shìfàn,模範を示す,HSK6-1663,
1664,释放,shìfàng,釈放する,HSK6-1664,
1665,是非,shìfēi,是非,HSK6-1665,
1666,事故,shìgù,事故,HSK6-1666,
1667,事迹,shìjì,功績,HSK6-1667,
1668,事件,shìjiàn,事件,HSK6-1668,
1669,世界观,shìjièguān,世界観,HSK6-1669,
1670,视力,shìlì,視力,HSK6-1670,
1671,势力,shìlì,勢力,HSK6-1671,
1672,逝世,shìshì,逝去する,HSK6-1672,
1673,事态,shìtài,事態,HSK6-1673,
1674,试图,shìtú,試みる,HSK6-1674,
1675,示威,shìwēi,デモをする,HSK6-1675,
1676,事务,shìwù,事務,HSK6-1676,
1677,视线,shìxiàn,視線,HSK6-1677,
1678,事项,shìxiàng,事項,HSK6-1678,
1679,试验,shìyàn,試験,HSK6-1679,
1680,视野,shìyě,視野,HSK6-1680,
1681,事业,shìyè,事業,HSK6-1681,
1682,适宜,shìyí,適している,HSK6-1682,
1683,示意,shìyì,意味を示す,HSK6-1683,
1684,收藏,shōucáng,収集し保管する,HSK6-1684,
1685,收缩,shōusuō,収縮する,HSK6-1685,
1686,收益,shōuyì,利益,HSK6-1686,
1687,收音机,shōuyīnjī,ラジオ,HSK6-1687,
1688,手法,shǒufǎ,手法,HSK6-1688,
1689,守护,shǒuhù,警備する,HSK6-1689,
1690,手势,shǒushì,手ぶり,HSK6-1690,
1691,首要,shǒuyào,主要な,HSK6-1691,
1692,手艺,shǒuyì,技術,HSK6-1692,
1693,授予,shòuyǔ,授与する,HSK6-1693,
1694,受罪,shòuzuì,苦難をなめる,HSK6-1694,
1695,舒畅,shūchàng,ゆったり,HSK6-1695,
1696,书法,shūfǎ,書道,HSK6-1696,
1697,疏忽,shūhū,おろそかにする,HSK6-1697,
1698,书籍,shūjí,書籍,HSK6-1698,
1699,书记,shūjì,書記,HSK6-1699,
1700,书面,shūmiàn,書面,HSK6-1700,
1701,数,shù,数える,HSK6-1701,
1702,竖,shù,縦の,HSK6-1702,
1703,束,shù,縛る,HSK6-1703,
1704,数额,shù'é,一定の数,HSK6-1704,
1705,束缚,shùfù,束縛する,HSK6-1705,
1706,树立,shùlì,樹立する,HSK6-1706,
1707,数目,shùmù,数,HSK6-1707,
1708,耍,shuǎ,遊ぶ,HSK6-1708,
1709,衰老,shuāilǎo,老衰している,HSK6-1709,
1710,衰退,shuāituì,減退する,HSK6-1710,
1711,率领,shuàilǐng,率いる,HSK6-1711,
1712,涮火锅,shuànhuǒguō,羊肉のしゃぶしゃぶ,HSK6-1712,
1713,双胞胎,shuāngbāotāi,双子,HSK6-1713,
1714,爽快,shuǎngkuài,爽快,HSK6-1714,
1715,水利,shuǐlì,水の保全,HSK6-1715,
1716,水龙头,shuǐlóngtóu,蛇口,HSK6-1716,
1717,水泥,shuǐní,セメント,HSK6-1717,
1718,司法,sīfǎ,司法,HSK6-1718,
1719,司令,sīlìng,司令官,HSK6-1719,
1720,思念,sīniàn,懐かしく思う,HSK6-1720,
1721,思索,sīsuǒ,深く考える,HSK6-1721,
1722,思维,sīwéi,熟考する,HSK6-1722,
1723,斯文,sīwén,文化,HSK6-1723,
1724,思绪,sīxù,考え,HSK6-1724,
1725,私自,sīzì,ひそかに,HSK6-1725,
1726,死亡,sǐwáng,死亡する,HSK6-1726,
1727,肆无忌惮,sìwújìdàn,ほしいままにふるまう,HSK6-1727,
1728,饲养,sìyǎng,飼育する,HSK6-1728,
1729,四肢,sìzhī,四肢,HSK6-1729,
1730,耸,sǒng,そびえる,HSK6-1730,
1731,艘,sōu,船,HSK6-1731,
1732,搜索,sōusuǒ,捜索する,HSK6-1732,
1733,苏醒,sūxǐng,蘇生する,HSK6-1733,
1734,俗话,súhuà,ことわざ,HSK6-1734,
1735,素食主义,sùshízhǔyì,菜食主義,HSK6-1735,
1736,诉讼,sùsòng,訴訟,HSK6-1736,
1737,塑造,sùzào,人物像を作る,HSK6-1737,
1738,素质,sùzhì,性質,HSK6-1738,
1739,算了,suànle,もうやめる,HSK6-1739,
1740,算数,suànshù,算数,HSK6-1740,
1741,随即,suíjí,直ちに,HSK6-1741,
1742,随身,suíshēn,身につける,HSK6-1742,
1743,随手,suíshǒu,ついでに,HSK6-1743,
1744,随意,suíyì,思うままである,HSK6-1744,
1745,隧道,suìdào,トンネル,HSK6-1745,
1746,岁月,suìyuè,年げつ,HSK6-1746,
1747,损坏,sǔnhuài,壊す,HSK6-1747,
1748,索赔,suǒpéi,賠償を要求する,HSK6-1748,
1749,索性,suǒxìng,いっそのこと,HSK6-1749,
1750,塌,tā,崩れ落ちる,HSK6-1750,
1751,踏实,tàshí,足が地に着いている,HSK6-1751,
1752,台风,táifēng,台風,HSK6-1752,
1753,泰斗,tàidǒu,権威,HSK6-1753,
1754,太空,tàikōng,宇宙空間,HSK6-1754,
1755,瘫痪,tānhuàn,半身不随になる,HSK6-1755,
1756,贪婪,tānlán,飽くことを知らない,HSK6-1756,
1757,摊儿,tāner,屋台,HSK6-1757,
1758,贪污,tānwū,横領する,HSK6-1758,
1759,弹性,tánxìng,弾力,HSK6-1759,
1760,坦白,tǎnbái,素直で正直である,HSK6-1760,
1761,探测,tàncè,探査する,HSK6-1761,
1762,叹气,tànqì,ため息をつく,HSK6-1762,
1763,探索,tànsuǒ,探究する,HSK6-1763,
1764,探讨,tàntǎo,検討する,HSK6-1764,
1765,探望,tànwàng,うかがう,HSK6-1765,
1766,糖葫芦,tánghúlu,飴を絡めた菓子,HSK6-1766,
1767,掏,tāo,取り出す,HSK6-1767,
1768,滔滔不绝,tāotāobùjué,口が軽い,HSK6-1768,
1769,陶瓷,táocí,陶磁器,HSK6-1769,
1770,淘气,táoqì,いたずらである,HSK6-1770,
1771,淘汰,táotài,淘汰する,HSK6-1771,
1772,讨价还价,tǎojiàhuánjià,値段の掛け合いをする,HSK6-1772,
1773,特长,tècháng,特徴,HSK6-1773,
1774,特定,tèdìng,特定,HSK6-1774,
1775,特色,tèsè,特徴,HSK6-1775,
1776,提拔,tíbá,抜擢する,HSK6-1776,
1777,题材,tícái,テーマ,HSK6-1777,
1778,提炼,tíliàn,精錬する,HSK6-1778,
1779,提示,tíshì,指摘する,HSK6-1779,
1780,提议,tíyì,提議する,HSK6-1780,
1781,体谅,tǐliàng,理解する,HSK6-1781,
1782,体面,tǐmiàn,面目,HSK6-1782,
1783,体系,tǐxì,体系,HSK6-1783,
1784,天才,tiāncái,天才,HSK6-1784,
1785,天伦之乐,tiānlúnzhīlè,一家団欒の楽しみ,HSK6-1785,
1786,天然气,tiānránqì,天然ガス,HSK6-1786,
1787,天生,tiānshēng,生れつき,HSK6-1787,
1788,天堂,tiāntáng,天国,HSK6-1788,
1789,天文,tiānwén,天文学,HSK6-1789,
1790,田径,tiánjìng,トラックとフィールド,HSK6-1790,
1791,舔,tiǎn,舐める,HSK6-1791,
1792,挑剔,tiāotì,粗捜しをする,HSK6-1792,
1793,调和,tiáohé,調和している,HSK6-1793,
1794,调剂,tiáojì,調節する,HSK6-1794,
1795,调节,tiáojié,調節する,HSK6-1795,
1796,调解,tiáojiě,仲裁する,HSK6-1796,
1797,条款,tiáokuǎn,条項,HSK6-1797,
1798,条理,tiáolǐ,段取り,HSK6-1798,
1799,调料,tiáoliào,薬味,HSK6-1799,
1800,条约,tiáoyuē,条約,HSK6-1800,
1801,挑拨,tiǎobō,挑発する,HSK6-1801,
1802,挑衅,tiǎoxìn,挑発する,HSK6-1802,
1803,跳跃,tiàoyuè,跳ね上がる,HSK6-1803,
1804,停泊,tíngbó,停泊する,HSK6-1804,
1805,停顿,tíngdùn,停頓する,HSK6-1805,
1806,停滞,tíngzhì,停滞する,HSK6-1806,
1807,亭子,tíngzi,あずまや,HSK6-1807,
1808,挺拔,tǐngbá,まっすぐ高く伸びている,HSK6-1808,
1809,通货膨胀,tōnghuòpéngzhàng,インフレーション,HSK6-1809,
1810,通俗,tōngsú,通俗的である,HSK6-1810,
1811,通用,tōngyòng,通用する,HSK6-1811,
1812,同胞,tóngbāo,同胞,HSK6-1812,
1813,童话,tónghuà,童話,HSK6-1813,
1814,铜矿,tóngkuàng,銅鉱,HSK6-1814,
1815,同志,tóngzhì,仲間,HSK6-1815,
1816,统筹兼顾,tǒngchóujiāngù,統一的に計画し各方面に配慮する,HSK6-1816,
1817,统计,tǒngjì,統計,HSK6-1817,
1818,统统,tǒngtǒng,全て,HSK6-1818,
1819,投机,tóujī,投合する,HSK6-1819,
1820,投票,tóupiào,投票,HSK6-1820,
1821,投降,tóuxiáng,降伏する,HSK6-1821,
1822,投掷,tóuzhí,投げる,HSK6-1822,
1823,秃,tū,はげている,HSK6-1823,
1824,突破,túpò,突破する,HSK6-1824,
1825,图案,tú'àn,図案,HSK6-1825,
1826,徒弟,túdì,徒弟,HSK6-1826,
1827,途径,tújìng,経路,HSK6-1827,
1828,涂抹,túmǒ,塗る,HSK6-1828,
1829,土壤,tǔrǎng,土壌,HSK6-1829,
1830,团结,tuánjié,団結,HSK6-1830,
1831,团体,tuántǐ,グループ,HSK6-1831,
1832,团员,tuányuán,メンバー,HSK6-1832,
1833,推测,tuīcè,推測,HSK6-1833,
1834,推翻,tuīfān,ひっくり返す,HSK6-1834,
1835,推理,tuīlǐ,推理,HSK6-1835,
1836,推论,tuīlùn,推論,HSK6-1836,
1837,推销,tuīxiāo,売りさばく,HSK6-1837,
1838,吞咽,tūnyàn,嚥下する,HSK6-1838,
1839,脱离,tuōlí,離脱する,HSK6-1839,
1840,拖延,tuōyán,引き延ばす,HSK6-1840,
1841,托运,tuōyùn,託送する,HSK6-1841,
1842,妥当,tuǒdang,適当である,HSK6-1842,
1843,妥善,tuǒshàn,妥当である,HSK6-1843,
1844,妥协,tuǒxié,妥協,HSK6-1844,
1845,椭圆,tuǒyuán,楕円,HSK6-1845,
1846,唾沫,tuòmò,唾,HSK6-1846,
1847,挖掘,wājué,掘り出す,HSK6-1847,
1848,娃娃,wáwá,赤ちゃん,HSK6-1848,
1849,瓦解,wǎjiě,ばらばらに壊れる,HSK6-1849,
1850,哇,wa,ワー,HSK6-1850,
1851,歪曲,wāiqū,歪曲する,HSK6-1851,
1852,外表,wàibiǎo,外面,HSK6-1852,
1853,外行,wàiháng,素人である,HSK6-1853,
1854,外界,wàijiè,外界,HSK6-1854,
1855,外向,wàixiàng,外向的である,HSK6-1855,
1856,丸,wán,丸薬の数を数える,HSK6-1856,
1857,完备,wánbèi,完備している,HSK6-1857,
1858,完毕,wánbì,すっかり終わる,HSK6-1858,
1859,顽固,wángù,顽固である,HSK6-1859,
1860,玩弄,wànnòng,手で触る,HSK6-1860,
1861,顽强,wánqiáng,粘り強い,HSK6-1861,
1862,玩意儿,wányìer,おもちゃ,HSK6-1862,
1863,挽回,wǎnhuí,挽回する,HSK6-1863,
1864,挽救,wǎnjiù,救い出す,HSK6-1864,
1865,惋惜,wànxí,惜しむ,HSK6-1865,
1866,万分,wànfēn,この上なく,HSK6-1866,
1867,往常,wǎngcháng,普段,HSK6-1867,
1868,网络,wǎngluò,ネットワーク,HSK6-1868,
1869,往事,wǎngshì,過去,HSK6-1869,
1870,妄想,wàngxiǎng,妄想,HSK6-1870,
1871,微不足道,wēibùzúdào,極めてわずかで言うに足らない,HSK6-1871,
1872,威风,wēifēng,威勢,HSK6-1872,
1873,微观,wéiguān,ミクロの,HSK6-1873,
1874,危机,wéijī,危機,HSK6-1874,
1875,威力,wēilì,威力,HSK6-1875,
1876,威望,wēiwàng,威望,HSK6-1876,
1877,威信,wēixìn,威信,HSK6-1877,
1878,违背,wéibèi,背く,HSK6-1878,
1879,维持,wéichí,維持する,HSK6-1879,
1880,唯独,wéidú,ただ～だけ,HSK6-1880,
1881,为难,wéinán,困る、悩む,HSK6-1881,
1882,为期,wéiqí,期間を…とする,HSK6-1882,
1883,维生素,wéishēngsù,ビタミン,HSK6-1883,
1884,为首,wéishǒu,先頭に立つ,HSK6-1884,
1885,维修,wéixiū,補修する,HSK6-1885,
1886,委员,wěiyuán,委員,HSK6-1886,
1887,伪造,wèizào,偽造,HSK6-1887,
1888,畏惧,wèijù,恐れる,HSK6-1888,
1889,胃口,wèikǒu,食欲,HSK6-1889,
1890,未免,wèimiǎn,どうしても…と言わざるを得ない,HSK6-1890,
1891,慰问,wèiwèn,慰問する,HSK6-1891,
1892,卫星,wèixīng,衛星,HSK6-1892,
1893,位于,wèiyú,位置,HSK6-1893,
1894,温带,wēndài,温帯,HSK6-1894,
1895,温和,wēnhé,温和である,HSK6-1895,
1896,文凭,wénpíng,卒業証書,HSK6-1896,
1897,文物,wénwù,文化遺産,HSK6-1897,
1898,文献,wénxiàn,文献,HSK6-1898,
1899,文雅,wényǎ,上品である,HSK6-1899,
1900,文艺,wényì,文学,HSK6-1900,
1901,问世,wènshì,世に出る,HSK6-1901,
1902,窝,wō,巣,HSK6-1902,
1903,乌黑,wūhēi,真っ黒である,HSK6-1903,
1904,污蔑,wūmiè,中傷する,HSK6-1904,
1905,诬陷,wúxiàn,人を陥れる,HSK6-1905,
1906,无比,wúbǐ,並ぶものがない,HSK6-1906,
1907,无偿,wúcháng,無償の,HSK6-1907,
1908,无耻,wúchǐ,卑劣である,HSK6-1908,
1909,无从,wúcóng,…する手がかりがない,HSK6-1909,
1910,无动于衷,wúdòngyúzhōng,無関心,HSK6-1910,
1911,无非,wúfēi,ただ…にすぎない,HSK6-1911,
1912,无精打采,wújīngdǎcǎi,しょんぼりしている,HSK6-1912,
1913,无可奉告,wúkěfènggào,ノーコメント,HSK6-1913,
1914,无可奈何,wúkěnàihé,どうすることもできない,HSK6-1914,
1915,无赖,wúlài,理不尽である,HSK6-1915,
1916,无理取闹,wúlǐqǔnào,絡む,HSK6-1916,
1917,无能为力,wúnéngwéilì,力を出すことができない,HSK6-1917,
1918,无穷无尽,wúqióngwújìn,極まりない,HSK6-1918,
1919,无微不至,wúwēibùzhì,かゆいところに手が届く,HSK6-1919,
1920,无忧无虑,wúyōuwúlǜ,優遊たる,HSK6-1920,
1921,无知,wúzhī,無知である,HSK6-1921,
1922,舞蹈,wǔdǎo,舞踊,HSK6-1922,
1923,侮辱,wǔrǔ,侮辱,HSK6-1923,
1924,武侠,wǔxiá,俠客,HSK6-1924,
1925,武装,wǔzhuāng,武装しました,HSK6-1925,
1926,勿,wù,…しない,HSK6-1926,
1927,务必,wùbì,必ず,HSK6-1927,
1928,误差,wùchā,誤差,HSK6-1928,
1929,误解,wùjiě,誤解,HSK6-1929,
1930,物美价廉,wùměijiàlián,物がよくかつ値が安い,HSK6-1930,
1931,务实,wùshí,検討する,HSK6-1931,
1932,物资,wùzī,物質,HSK6-1932,
1933,溪,xī,山間の谷川,HSK6-1933,
1934,膝盖,xīgài,膝,HSK6-1934,
1935,熄灭,xímiè,消える,HSK6-1935,
1936,吸取,xīqǔ,吸収する,HSK6-1936,
1937,昔日,xīrì,昔,HSK6-1937,
1938,牺牲,xīshēng,犠牲,HSK6-1938,
1939,夕阳,xīyáng,夕日,HSK6-1939,
1940,媳妇,xífù,息子の嫁,HSK6-1940,
1941,袭击,xíjí,襲撃する,HSK6-1941,
1942,习俗,xísú,風俗習慣,HSK6-1942,
1943,喜闻乐见,xǐwénlèjiàn,人々は大いに歓迎する,HSK6-1943,
1944,喜悦,xǐyuè,喜ばしい,HSK6-1944,
1945,细胞,xìbāo,細胞,HSK6-1945,
1946,细菌,xìjùn,細菌,HSK6-1946,
1947,系列,xìliè,系列,HSK6-1947,
1948,细致,xìzhì,きめ細かい,HSK6-1948,
1949,霞,xiá,朝焼け,HSK6-1949,
1950,狭隘,xiá'ài,狭い,HSK6-1950,
1951,峡谷,xiágǔ,峡谷,HSK6-1951,
1952,狭窄,xiázhǎi,狭い,HSK6-1952,
1953,夏令营,xiàlìngyíng,サマーキャンプ,HSK6-1953,
1954,下属,xiàshǔ,下部,HSK6-1954,
1955,先进,xiānjìn,進歩が早い,HSK6-1955,
1956,鲜明,xiānmíng,鮮明,HSK6-1956,
1957,掀起,xiānqǐ,めくる,HSK6-1957,
1958,先前,xiānqián,以前に,HSK6-1958,
1959,纤维,xiānwéi,繊維,HSK6-1959,
1960,弦,xián,弓の弦,HSK6-1960,
1961,嫌,xián,疑う,HSK6-1961,
1962,闲话,xiánhuà,むだ話,HSK6-1962,
1963,贤惠,xiánhuì,心根が優しい,HSK6-1963,
1964,衔接,xiánjiē,つながる,HSK6-1964,
1965,嫌疑,xiányí,容疑,HSK6-1965,
1966,显著,xiǎnzhù,顕著である,HSK6-1966,
1967,现场,xiànchǎng,その場で,HSK6-1967,
1968,现成,xiànchéng,既に用意されている,HSK6-1968,
1969,宪法,xiànfǎ,憲法,HSK6-1969,
1970,陷害,xiànhài,陥れる,HSK6-1970,
1971,馅儿,xiàner,餡,HSK6-1971,
1972,陷入,xiànrù,陥る,HSK6-1972,
1973,线索,xiànsuǒ,手がかり,HSK6-1973,
1974,现状,xiànzhuàng,現状,HSK6-1974,
1975,相差,xiāngchà,双方の違い,HSK6-1975,
1976,相等,xiāngděng,等しい,HSK6-1976,
1977,相辅相成,xiāngfǔxiāngchéng,成し遂げる,HSK6-1977,
1978,镶嵌,xiāngqiàn,埋め込む,HSK6-1978,
1979,相应,xiāngyìng,当然…すべきである,HSK6-1979,
1980,乡镇,xiāngzhèn,田舎町,HSK6-1980,
1981,想方设法,xiǎngfāngshèfǎ,八方手を尽くす,HSK6-1981,
1982,响亮,xiǎngliàng,はっきりしている,HSK6-1982,
1983,响应,xiǎngyìng,応答する,HSK6-1983,
1984,巷,xiàng,路地,HSK6-1984,
1985,项,xiàng,項目,HSK6-1985,
1986,向导,xiàngdǎo,道案内人,HSK6-1986,
1987,向来,xiànglái,常に,HSK6-1987,
1988,向往,xiàngwǎng,あこがれる,HSK6-1988,
1989,消除,xiāochú,取り除く,HSK6-1989,
1990,消毒,xiāodú,消毒,HSK6-1990,
1991,消防,xiāofáng,消防,HSK6-1991,
1992,消耗,xiāohào,消費する,HSK6-1992,
1993,销毁,xiāohuǐ,廃棄する,HSK6-1993,
1994,消极,xiāojí,消極的である,HSK6-1994,
1995,小气,xiǎoqì,けちである,HSK6-1995,
1996,小心翼翼,xiǎoxīnyìyì,極めて慎重で注意深い,HSK6-1996,
1997,孝顺,xiàoshùn,孝行する,HSK6-1997,
1998,肖像,xiàoxiàng,肖像,HSK6-1998,
1999,效益,xiàoyì,効果と利益,HSK6-1999,
2000,携带,xiédài,携帯,HSK6-2000,
2001,协会,xiéhuì,協会,HSK6-2001,
2002,协商,xiéshāng,協議する,HSK6-2002,
2003,协议,xiéyì,協議する,HSK6-2003,
2004,协助,xiézhù,協力する,HSK6-2004,
2005,写作,xiězuò,文章を書く,HSK6-2005,
2006,屑,xiè,くず,HSK6-2006,
2007,谢绝,xièjué,断る,HSK6-2007,
2008,泄露,xièlòu,漏らす,HSK6-2008,
2009,泄气,xièqì,落胆する,HSK6-2009,
2010,新陈代谢,xīnchéndàixiè,新陳代謝,HSK6-2010,
2011,心得,xīndé,会得したもの,HSK6-2011,
2012,新郎,xīnláng,新郎,HSK6-2012,
2013,心灵,xīnlíng,魂,HSK6-2013,
2014,新娘,xīnniáng,花嫁,HSK6-2014,
2015,辛勤,xīnqín,勤勉である,HSK6-2015,
2016,薪水,xīnshuǐ,給料,HSK6-2016,
2017,心态,xīntài,心理状態,HSK6-2017,
2018,心疼,xīnténg,惜しむ,HSK6-2018,
2019,欣慰,xīnwèi,安らかな気持ちになる,HSK6-2019,
2020,欣欣向荣,xīnxīnxiàngróng,活気にあふれている,HSK6-2020,
2021,心血,xīnxuè,心血,HSK6-2021,
2022,心眼儿,xīnyǎner,心の底,HSK6-2022,
2023,新颖,xīnyǐng,斬新である,HSK6-2023,
2024,信赖,xìnlài,信頼,HSK6-2024,
2025,信念,xìnniàn,信念,HSK6-2025,
2026,信仰,xìnyǎng,信仰,HSK6-2026,
2027,信誉,xìnyù,信用と評判,HSK6-2027,
2028,腥,xīng,生臭い,HSK6-2028,
2029,兴高采烈,xìnggāocǎiliè,有頂天である,HSK6-2029,
2030,兴隆,xīnglóng,盛んである,HSK6-2030,
2031,兴旺,xīngwàng,繁栄している,HSK6-2031,
2032,刑事,xíngshì,刑事,HSK6-2032,
2033,形态,xíngtài,形態,HSK6-2033,
2034,行政,xíngzhèng,行政,HSK6-2034,
2035,性感,xìnggǎn,セクシーである,HSK6-2035,
2036,幸好,xìnghǎo,幸いにも,HSK6-2036,
2037,性命,xìngmìng,生命,HSK6-2037,
2038,性能,xìngnéng,性能,HSK6-2038,
2039,性情,xìngqíng,気立て,HSK6-2039,
2040,兴致勃勃,xìngzhìbóbó,浮かれ立つ,HSK6-2040,
2041,凶恶,xiōng'è,凶悪,HSK6-2041,
2042,胸怀,xiōnghuái,胸に抱く,HSK6-2042,
2043,凶手,xiōngshǒu,殺害犯人,HSK6-2043,
2044,胸膛,xiōngtáng,胸,HSK6-2044,
2045,雄厚,xiónghòu,充実している,HSK6-2045,
2046,羞耻,xiūchǐ,恥じらい,HSK6-2046,
2047,修复,xiūfù,修復,HSK6-2047,
2048,修建,xiūjiàn,建設する,HSK6-2048,
2049,修理,xiūlǐ,修理する,HSK6-2049,
2050,修养,xiūyǎng,教養,HSK6-2050,
2051,绣,xiù,刺繡する,HSK6-2051,
2052,嗅觉,xiùjué,嗅觉,HSK6-2052,
2053,虚假,xūjiǎ,うそである,HSK6-2053,
2054,需求,xūqiú,需要,HSK6-2054,
2055,虚荣,xūróng,虚栄,HSK6-2055,
2056,虚伪,xūwèi,虚偽,HSK6-2056,
2057,须知,xūzhī,心得,HSK6-2057,
2058,许可,xǔkě,許可,HSK6-2058,
2059,酗酒,xùjiǔ,泥酔する,HSK6-2059,
2060,畜牧,xùmù,牧畜,HSK6-2060,
2061,序言,xùyán,序文,HSK6-2061,
2062,宣誓,xuānshì,宣誓する,HSK6-2062,
2063,宣扬,xuānyáng,広く宣伝する,HSK6-2063,
2064,悬挂,xuánguà,掲げる,HSK6-2064,
2065,旋律,xuánlǜ,旋律,HSK6-2065,
2066,悬念,xuánniàn,懸念する,HSK6-2066,
2067,悬崖峭壁,xuányáqiàobì,断崖,HSK6-2067,
2068,旋转,xuánzhuǎn,回転する,HSK6-2068,
2069,选拔,xuǎnbá,選抜する,HSK6-2069,
2070,选手,xuǎnshǒu,選手,HSK6-2070,
2071,削弱,xuēruò,弱まる,HSK6-2071,
2072,学历,xuélì,学歴,HSK6-2072,
2073,学说,xuéshuō,学説,HSK6-2073,
2074,学位,xuéwèi,学位,HSK6-2074,
2075,雪上加霜,xuěshàngjiāshuāng,泣き面にハチ,HSK6-2075,
2076,血压,xiěyā,血圧,HSK6-2076,
2077,熏陶,xūntáo,よい影響を与える,HSK6-2077,
2078,循环,xúnhuán,循環する,HSK6-2078,
2079,巡逻,xúnluó,巡らする,HSK6-2079,
2080,寻觅,xúnmì,捜し求める,HSK6-2080,
2081,循序渐进,xúnxùjiànjìn,一歩々々進める,HSK6-2081,
2082,押金,yājīn,頭金,HSK6-2082,
2083,压迫,yāpò,圧迫,HSK6-2083,
2084,压岁钱,yāsuìqián,お年玉,HSK6-2084,
2085,压缩,yāsuō,圧縮,HSK6-2085,
2086,压抑,yāyì,抑圧する,HSK6-2086,
2087,压榨,yāzhà,压榨する,HSK6-2087,
2088,压制,yāzhì,抑えつける,HSK6-2088,
2089,亚军,yàjūn,準優勝,HSK6-2089,
2090,烟花爆竹,yānhuābàozhú,花火と爆竹,HSK6-2090,
2091,淹没,yānmò,水浸しにする,HSK6-2091,
2092,沿海,yánhǎi,沿岸,HSK6-2092,
2093,严寒,yánhán,寒さが厳しい,HSK6-2093,
2094,严禁,yánjìn,厳禁する,HSK6-2094,
2095,严峻,yánjùn,非常に厳しい,HSK6-2095,
2096,严厉,yánlì,厳しい,HSK6-2096,
2097,言论,yánlùn,言論,HSK6-2097,
2098,严密,yánmì,厳密である,HSK6-2098,
2099,延期,yánqí,延期する,HSK6-2099,
2100,炎热,yánrè,ひどく暑い,HSK6-2100,
2101,延伸,yánshēn,伸びる,HSK6-2101,
2102,岩石,yánshí,岩石,HSK6-2102,
2103,延续,yánxù,継続する,HSK6-2103,
2104,演变,yǎnbiàn,変化する,HSK6-2104,
2105,掩盖,yǎngài,覆う,HSK6-2105,
2106,眼光,yǎnguāng,視線,HSK6-2106,
2107,掩护,yǎnhù,守る,HSK6-2107,
2108,演讲,yǎnjiǎng,スピーチ,HSK6-2108,
2109,眼色,yǎnsè,目頭,HSK6-2109,
2110,眼神,yǎnshén,視線,HSK6-2110,
2111,掩饰,yǎnshì,誤魔化す,HSK6-2111,
2112,演习,yǎnxí,演習,HSK6-2112,
2113,眼下,yǎnxià,目下,HSK6-2113,
2114,演绎,yǎnyì,演繹する,HSK6-2114,
2115,演奏,yǎnzòu,演奏する,HSK6-2115,
2116,验收,yànshōu,引き渡される,HSK6-2116,
2117,厌恶,yànwù,嫌悪する,HSK6-2117,
2118,验证,yànzhèng,検証,HSK6-2118,
2119,氧气,yǎngqì,酸素,HSK6-2119,
2120,样品,yàngpǐn,模範,HSK6-2120,
2121,摇摆,yáobǎi,揺れる,HSK6-2121,
2122,摇滚,yáogǔn,揺れ動くこと,HSK6-2122,
2123,摇晃,yáohuàng,揺れる,HSK6-2123,
2124,遥控,yáokòng,遠隔操縦する,HSK6-2124,
2125,谣言,yáoyán,噂,HSK6-2125,
2126,遥远,yáoyuǎn,はるかに遠い,HSK6-2126,
2127,咬牙切齿,yǎoyáqièchǐ,激しく怒る,HSK6-2127,
2128,要不然,yàobùrán,さもないと,HSK6-2128,
2129,要点,yàodiǎn,要点,HSK6-2129,
2130,要命,yàomìng,命が欲しい,HSK6-2130,
2131,要素,yàosù,要素,HSK6-2131,
2132,耀眼,yàoyǎn,眩しい,HSK6-2132,
2133,野蛮,yěmán,野蛮な,HSK6-2133,
2134,野心,yěxīn,野心,HSK6-2134,
2135,依次,yīcì,順に従って,HSK6-2135,
2136,一度,yīdù,一度,HSK6-2136,
2137,一帆风顺,yīfānfēngshùn,順風満帆,HSK6-2137,
2138,一贯,yīguàn,首尾一貫した,HSK6-2138,
2139,依旧,yījiù,依然として,HSK6-2139,
2140,一举两得,yījǔliǎngdé,一石二鳥である,HSK6-2140,
2141,依据,yījù,基づく,HSK6-2141,
2142,依靠,yīkào,頼る,HSK6-2142,
2143,依赖,yīlài,当てにする,HSK6-2143,
2144,一流,yīliú,一流,HSK6-2144,
2145,一律,yīlǜ,一律である,HSK6-2145,
2146,一目了然,yīmùliǎorán,一目了然である,HSK6-2146,
2147,一如既往,yīrújìwǎng,昔ながら,HSK6-2147,
2148,衣裳,yīshang,衣装,HSK6-2148,
2149,一丝不苟,yīsībùgǒu,非常に丁寧,HSK6-2149,
2150,依托,yītuō,頼る,HSK6-2150,
2151,一向,yīxiàng,以前から,HSK6-2151,
2152,一再,yīzài,再三再四,HSK6-2152,
2153,遗产,yíchǎn,遺産,HSK6-2153,
2154,遗传,yíchuán,遺伝する,HSK6-2154,
2155,疑惑,yíhuò,疑惑,HSK6-2155,
2156,遗留,yíliú,遺留,HSK6-2156,
2157,仪器,yíqì,測定器,HSK6-2157,
2158,遗失,yíshī,失う,HSK6-2158,
2159,仪式,yíshì,儀式,HSK6-2159,
2160,以便,yǐbiàn,…しやすいように,HSK6-2160,
2161,以免,yǐmiǎn,…しないようにする,HSK6-2161,
2162,以往,yǐwǎng,以前,HSK6-2162,
2163,以至,yǐzhì,更には,HSK6-2163,
2164,以致,yǐzhì,…となってしまう,HSK6-2164,
2165,亦,yì,同様に,HSK6-2165,
2166,翼,yì,翼,HSK6-2166,
2167,异常,yìcháng,尋常でない,HSK6-2167,
2168,毅力,yìlì,気力,HSK6-2168,
2169,意料,yìliào,予想する,HSK6-2169,
2170,毅然,yìrán,きっぱりと,HSK6-2170,
2171,意识,yìshí,意識,HSK6-2171,
2172,意图,yìtú,意図,HSK6-2172,
2173,意味着,yìwèizhe,～を意味している,HSK6-2173,
2174,意向,yìxiàng,意図,HSK6-2174,
2175,意志,yìzhì,意志,HSK6-2175,
2176,抑制,yìzhì,抑制,HSK6-2176,
2177,阴谋,yīnmóu,陰謀,HSK6-2177,
2178,音响,yīnxiǎng,音響,HSK6-2178,
2179,隐蔽,yǐnbì,隠蔽する,HSK6-2179,
2180,引导,yǐndǎo,ガイド,HSK6-2180,
2181,隐患,yǐnhuàn,隠れた災い,HSK6-2181,
2182,隐瞒,yǐnmán,隠し立てする,HSK6-2182,
2183,引擎,yǐnqíng,エンジン,HSK6-2183,
2184,饮食,yǐnshí,飲食,HSK6-2184,
2185,隐私,yǐnsī,人に知られたくないこと,HSK6-2185,
2186,引用,yǐnyòng,引用文,HSK6-2186,
2187,隐约,yǐnyuē,かすかである,HSK6-2187,
2188,印刷,yìnshuā,印刷する,HSK6-2188,
2189,婴儿,yīng'ér,赤ちゃん,HSK6-2189,
2190,英明,yīngmíng,英明である,HSK6-2190,
2191,英勇,yīngyǒng,並み外れて勇敢である,HSK6-2191,
2192,盈利,yínglì,もうけ,HSK6-2192,
2193,迎面,yíngmiàn,面と向かう,HSK6-2193,
2194,荧屏,yíngpíng,螢光スクリーン,HSK6-2194,
2195,应酬,yìngchóu,交際する,HSK6-2195,
2196,应邀,yìngyāo,招きに応じる,HSK6-2196,
2197,拥护,yǒnghù,擁護する,HSK6-2197,
2198,庸俗,yōngsú,低俗である,HSK6-2198,
2199,拥有,yǒngyǒu,擁する,HSK6-2199,
2200,永恒,yǒnghéng,とわに変わらない,HSK6-2200,
2201,涌现,yǒngxiàn,出現する,HSK6-2201,
2202,勇于,yǒngyú,勇気をもって,HSK6-2202,
2203,踊跃,yǒngyuè,飛び跳ねる,HSK6-2203,
2204,用功,yònggōng,熱心である,HSK6-2204,
2205,用户,yònghù,ユーザー,HSK6-2205,
2206,优胜劣汰,yōushèngliètài,自然淘汰する,HSK6-2206,
2207,优先,yōuxiān,優先,HSK6-2207,
2208,优异,yōuyì,ずば抜けている,HSK6-2208,
2209,忧郁,yōuyù,憂うつである,HSK6-2209,
2210,优越,yōuyuè,優越,HSK6-2210,
2211,油腻,yóunì,脂っこい,HSK6-2211,
2212,油漆,yóuqī,塗る,HSK6-2212,
2213,犹如,yóurú,まるで…のようである,HSK6-2213,
2214,有条不紊,yǒutiáobùwěn,整然としていて秩序立っている,HSK6-2214,
2215,诱惑,yòuhuò,誘惑,HSK6-2215,
2216,幼稚,yòuzhì,幼稚な,HSK6-2216,
2217,愚蠢,yúchǔn,愚かである,HSK6-2217,
2218,舆论,yúlùn,世論,HSK6-2218,
2219,愚昧,yúmèi,無知である,HSK6-2219,
2220,渔民,yúmín,漁民,HSK6-2220,
2221,与日俱增,yǔrìjùzēng,日に日に増加する,HSK6-2221,
2222,羽绒服,yǔróngfú,羽毛服,HSK6-2222,
2223,予以,yǔyǐ,与える,HSK6-2223,
2224,愈,yù,病気が治る,HSK6-2224,
2225,熨,yùn,こてをかける,HSK6-2225,
2226,预料,yùliào,予測する,HSK6-2226,
2227,预期,yùqí,予期する,HSK6-2227,
2228,预赛,yùsài,予選をする,HSK6-2228,
2229,预算,yùsuàn,予算,HSK6-2229,
2230,欲望,yùwàng,欲望,HSK6-2230,
2231,预先,yùxiān,前もって,HSK6-2231,
2232,预言,yùyán,預言,HSK6-2232,
2233,寓言,yùyán,たとえ話,HSK6-2233,
2234,预兆,yùzhào,兆候,HSK6-2234,
2235,冤枉,yuānwǎng,罪をなすりつける,HSK6-2235,
2236,原告,yuángào,原告,HSK6-2236,
2237,原理,yuánlǐ,原理,HSK6-2237,
2238,园林,yuánlín,園林,HSK6-2238,
2239,圆满,yuánmǎn,ふっくらとして豊かである,HSK6-2239,
2240,源泉,yuánquán,源泉,HSK6-2240,
2241,原始,yuánshǐ,最初の,HSK6-2241,
2242,元首,yuánshǒu,国家主席,HSK6-2242,
2243,元素,yuánsù,元素,HSK6-2243,
2244,原先,yuánxiān,元の,HSK6-2244,
2245,元宵节,yuánxiāojié,上元の節句,HSK6-2245,
2246,约束,yuēshù,約束,HSK6-2246,
2247,岳父,yuèfù,妻の父,HSK6-2247,
2248,乐谱,yuèpǔ,楽譜,HSK6-2248,
2249,蕴藏,yùncáng,埋まる,HSK6-2249,
2250,酝酿,yùnniàng,酒を造る,HSK6-2250,
2251,运算,yùnsuàn,演算する,HSK6-2251,
2252,运行,yùnxíng,運行する,HSK6-2252,
2253,孕育,yùnyù,身ごもって子供を生む,HSK6-2253,
2254,砸,zá,落ちる,HSK6-2254,
2255,杂技,zájì,雑技,HSK6-2255,
2256,杂交,zájiāo,交雑する,HSK6-2256,
2257,咋,zǎ,どのように,HSK6-2257,
2258,灾难,zāinàn,災難,HSK6-2258,
2259,栽培,zāipéi,栽培する,HSK6-2259,
2260,宰,zǎi,虐殺する,HSK6-2260,
2261,在乎,zàihū,気にかける,HSK6-2261,
2262,再接再厉,zàijiēzàilì,ますます励む,HSK6-2262,
2263,在意,zàiyì,気に留める,HSK6-2263,
2264,攒,zǎn,寄せ集める,HSK6-2264,
2265,暂且,zànqiě,しばらくの間,HSK6-2265,
2266,赞叹,zàntàn,褒めたたえる,HSK6-2266,
2267,赞同,zàntóng,賛同する,HSK6-2267,
2268,赞扬,zànyáng,褒めたたえる,HSK6-2268,
2269,赞助,zànzhù,援助する,HSK6-2269,
2270,遭受,zāoshòu,遭う,HSK6-2270,
2271,糟蹋,zāotà,粗末にする,HSK6-2271,
2272,遭殃,zāoyāng,災害に遭う,HSK6-2272,
2273,遭遇,zāoyù,遭遇する,HSK6-2273,
2274,造反,zàofǎn,反逆する,HSK6-2274,
2275,造型,zàoxíng,形を作る,HSK6-2275,
2276,噪音,zàoyīn,ノイズ,HSK6-2276,
2277,责怪,zéguài,とがめる,HSK6-2277,
2278,贼,zéi,盗人,HSK6-2278,
2279,增添,zēngtiān,増やす,HSK6-2279,
2280,赠送,zèngsòng,贈呈する,HSK6-2280,
2281,渣,zhā,かす,HSK6-2281,
2282,扎,zhā,縛る,HSK6-2282,
2283,扎实,zhāshi,丈夫である,HSK6-2283,
2284,眨,zhǎ,瞬きする,HSK6-2284,
2285,诈骗,zhàpiàn,だまして取る,HSK6-2285,
2286,摘要,zhāiyào,要点をまとめる,HSK6-2286,
2287,债券,zhàiquàn,債権,HSK6-2287,
2288,沾光,zhānguāng,お陰を被る,HSK6-2288,
2289,瞻仰,zhānyǎng,仰ぎ見る,HSK6-2289,
2290,斩钉截铁,zhǎndīngjiétiě,断固として猶予しない,HSK6-2290,
2291,展示,zhǎnshì,展示,HSK6-2291,
2292,展望,zhǎnwàng,展望,HSK6-2292,
2293,展现,zhǎnxiàn,展開する,HSK6-2293,
2294,崭新,zhǎnxīn,斬新である,HSK6-2294,
2295,战斗,zhàndòu,戦う,HSK6-2295,
2296,占据,zhànjù,占拠する,HSK6-2296,
2297,占领,zhànlǐng,占領する,HSK6-2297,
2298,战略,zhànlüè,戦略,HSK6-2298,
2299,战术,zhànshù,戦術,HSK6-2299,
2300,战役,zhànyì,戦争,HSK6-2300,
2301,占有,zhànyǒu,占有する,HSK6-2301,
2302,章程,zhāngchéng,規約,HSK6-2302,
2303,长辈,zhǎngbèi,先輩,HSK6-2303,
2304,障碍,zhàng'ài,阻止する,HSK6-2304,
2305,帐篷,zhàngpéng,テント,HSK6-2305,
2306,朝气蓬勃,zhāoqìpéngbó,気力があふれていること,HSK6-2306,
2307,招收,zhāoshōu,採用募集する,HSK6-2307,
2308,招投标,zhāotóubiāo,入札する,HSK6-2308,
2309,着迷,zháomí,夢中になる,HSK6-2309,
2310,沼泽,zhǎozé,沼,HSK6-2310,
2311,照料,zhàoliào,面倒を見る,HSK6-2311,
2312,照样,zhàoyàng,元通り,HSK6-2312,
2313,照耀,zhàoyào,照り輝く,HSK6-2313,
2314,照应,zhàoyìng,対応する,HSK6-2314,
2315,遮挡,zhēdǎng,遮る,HSK6-2315,
2316,折腾,zhēteng,寝返りを打つ,HSK6-2316,
2317,折,zhé,折れる,HSK6-2317,
2318,折磨,zhémó,苦痛を与える,HSK6-2318,
2319,珍贵,zhēnguì,貴重である,HSK6-2319,
2320,侦探,zhēntàn,偵察する,HSK6-2320,
2321,珍稀,zhēnxī,稀有の,HSK6-2321,
2322,真相,zhēnxiàng,真相,HSK6-2322,
2323,真挚,zhēnzhì,真摯,HSK6-2323,
2324,珍珠,zhēnzhū,真珠,HSK6-2324,
2325,斟酌,zhēnzhuó,吟味する,HSK6-2325,
2326,阵地,zhèndì,陣地,HSK6-2326,
2327,镇定,zhèndìng,沈着である,HSK6-2327,
2328,振奋,zhènfèn,奮い立つ,HSK6-2328,
2329,震惊,zhènjīng,驚愕する,HSK6-2329,
2330,镇静,zhènjìng,冷静である,HSK6-2330,
2331,阵容,zhènróng,戦闘隊形,HSK6-2331,
2332,振兴,zhènxīng,盛んになる,HSK6-2332,
2333,镇压,zhènyā,鎮圧する,HSK6-2333,
2334,争端,zhēngduān,紛争,HSK6-2334,
2335,争夺,zhēngduó,争奪する,HSK6-2335,
2336,蒸发,zhēngfā,蒸発,HSK6-2336,
2337,征服,zhēngfú,征服,HSK6-2337,
2338,争气,zhēngqì,頑張る,HSK6-2338,
2339,征收,zhēngshōu,取り立てる,HSK6-2339,
2340,争先恐后,zhēngxiānkǒnghòu,遅れまいと先を争う,HSK6-2340,
2341,争议,zhēngyì,論争する,HSK6-2341,
2342,正月,zhēngyuè,正月,HSK6-2342,
2343,挣扎,zhēngzhá,あがく,HSK6-2343,
2344,整顿,zhěngdùn,整顿する,HSK6-2344,
2345,正当,zhèngdàng,ちょうど…の時に当たる,HSK6-2345,
2346,正负,zhèngfù,正負,HSK6-2346,
2347,正规,zhèngguī,規定どおりである,HSK6-2347,
2348,正经,zhèngjīng,まじめである,HSK6-2348,
2349,正气,zhèngqì,正気,HSK6-2349,
2350,政权,zhèngquán,政権,HSK6-2350,
2351,证实,zhèngshí,証明する,HSK6-2351,
2352,证书,zhèngshū,証書,HSK6-2352,
2353,正义,zhèngyì,正義,HSK6-2353,
2354,郑重,zhèngzhòng,厳粛である,HSK6-2354,
2355,症状,zhèngzhuàng,症状,HSK6-2355,
2356,枝,zhī,枝,HSK6-2356,
2357,支撑,zhīchēng,支える,HSK6-2357,
2358,支出,zhīchū,支出,HSK6-2358,
2359,脂肪,zhīfáng,脂肪,HSK6-2359,
2360,知觉,zhījué,感覚,HSK6-2360,
2361,支流,zhīliú,支流,HSK6-2361,
2362,支配,zhīpèi,支配する,HSK6-2362,
2363,支援,zhīyuán,支援する,HSK6-2363,
2364,支柱,zhīzhù,支柱,HSK6-2364,
2365,知足常乐,zhīzúchánglè,満足して過ごす,HSK6-2365,
2366,值班,zhíbān,当直する,HSK6-2366,
2367,直播,zhíbò,生放送をする,HSK6-2367,
2368,殖民地,zhímíndì,植民地,HSK6-2368,
2369,职能,zhínéng,機能,HSK6-2369,
2370,职位,zhíwèi,職位,HSK6-2370,
2371,职务,zhíwù,職務,HSK6-2371,
2372,指标,zhǐbiāo,指標,HSK6-2372,
2373,指定,zhǐdìng,指定する,HSK6-2373,
2374,指甲,zhǐjiǎ,爪,HSK6-2374,
2375,指令,zhǐlìng,指示する,HSK6-2375,
2376,指南针,zhǐnánzhēn,コンパス,HSK6-2376,
2377,指示,zhǐshì,指示する,HSK6-2377,
2378,指望,zhǐwàng,心から期待する,HSK6-2378,
2379,指责,zhǐzé,責める,HSK6-2379,
2380,治安,zhì'ān,治安,HSK6-2380,
2381,制裁,zhìcái,制裁,HSK6-2381,
2382,致辞,zhìcí,あいさつをする,HSK6-2382,
2383,制订,zhìdìng,立案する,HSK6-2383,
2384,制服,zhìfú,制服,HSK6-2384,
2385,治理,zhìlǐ,整備する,HSK6-2385,
2386,智力,zhìlì,知力,HSK6-2386,
2387,致力于,zhìlìyú,取り組む,HSK6-2387,
2388,滞留,zhìliú,滞留する,HSK6-2388,
2389,智能,zhìnéng,知能,HSK6-2389,
2390,志气,zhìqì,気概,HSK6-2390,
2391,智商,zhìshāng,知能指数,HSK6-2391,
2392,致使,zhìshǐ,…の結果を招く,HSK6-2392,
2393,制约,zhìyuē,制約,HSK6-2393,
2394,制止,zhìzhǐ,制止する,HSK6-2394,
2395,忠诚,zhōngchéng,忠誠,HSK6-2395,
2396,终点,zhōngdiǎn,終点,HSK6-2396,
2397,中断,zhōngduàn,中断する,HSK6-2397,
2398,终究,zhōngjiù,結局,HSK6-2398,
2399,中立,zhōnglì,中立,HSK6-2399,
2400,终年,zhōngnián,一年中,HSK6-2400,
2401,终身,zhōngshēn,生涯,HSK6-2401,
2402,忠实,zhōngshí,忠実な,HSK6-2402,
2403,衷心,zhōngxīn,心からの,HSK6-2403,
2404,中央,zhōngyāng,中央,HSK6-2404,
2405,终止,zhōngzhǐ,終了する,HSK6-2405,
2406,肿瘤,zhǒngliú,腫瘍,HSK6-2406,
2407,种子,zhǒngzǐ,種,HSK6-2407,
2408,种族,zhǒngzú,種族,HSK6-2408,
2409,众所周知,zhòngsuǒzhōuzhī,広く知られている,HSK6-2409,
2410,重心,zhòngxīn,重心,HSK6-2410,
2411,州,zhōu,州,HSK6-2411,
2412,舟,zhōu,舟,HSK6-2412,
2413,粥,zhōu,粥,HSK6-2413,
2414,周边,zhōubiān,周辺,HSK6-2414,
2415,周密,zhōumì,周到で綿密である,HSK6-2415,
2416,周年,zhōunián,一周年,HSK6-2416,
2417,周期,zhōuqí,周期,HSK6-2417,
2418,周折,zhōuzhé,紆余曲折,HSK6-2418,
2419,周转,zhōuzhuǎn,回転する,HSK6-2419,
2420,皱纹,zhòuwén,しわ,HSK6-2420,
2421,昼夜,zhòuyè,昼夜,HSK6-2421,
2422,株,zhū,木の株,HSK6-2422,
2423,诸位,zhūwèi,皆さん,HSK6-2423,
2424,逐年,zhúnián,年々,HSK6-2424,
2425,拄,zhǔ,体・頭を支える,HSK6-2425,
2426,主办,zhǔbàn,主催する,HSK6-2426,
2427,主导,zhǔdǎo,主導的な,HSK6-2427,
2428,主管,zhǔguǎn,管轄する,HSK6-2428,
2429,主流,zhǔliú,主流の,HSK6-2429,
2430,主权,zhǔquán,主権,HSK6-2430,
2431,主题,zhǔtí,テーマ,HSK6-2431,
2432,助理,zhùlǐ,補佐役,HSK6-2432,
2433,注射,zhùshè,注射,HSK6-2433,
2434,注视,zhùshì,注視する,HSK6-2434,
2435,注释,zhùshì,注釈する,HSK6-2435,
2436,助手,zhùshǒu,助手,HSK6-2436,
2437,铸造,zhùzào,鋳造する,HSK6-2437,
2438,驻扎,zhùzhá,駐留する,HSK6-2438,
2439,住宅,zhùzhái,住宅,HSK6-2439,
2440,注重,zhùzhòng,重視する,HSK6-2440,
2441,著作,zhùzuò,著作する,HSK6-2441,
2442,拽,zhuāi,投げる,HSK6-2442,
2443,专长,zhuāncháng,専門知識,HSK6-2443,
2444,专程,zhuānchéng,专程,HSK6-2444,
2445,专科,zhuānkē,専門,HSK6-2445,
2446,专利,zhuānlì,特許,HSK6-2446,
2447,专题,zhuāntí,特別のテーマ,HSK6-2447,
2448,砖瓦,zhuānwǎ,タイル,HSK6-2448,
2449,转达,zhuǎndá,转达,HSK6-2449,
2450,转让,zhuǎnràng,譲渡する,HSK6-2450,
2451,转移,zhuǎnyí,変える,HSK6-2451,
2452,转折,zhuǎnzhé,変化,HSK6-2452,
2453,传记,zhuànjì,伝記,HSK6-2453,
2454,装备,zhuāngbèi,装備する,HSK6-2454,
2455,装卸,zhuāngxiè,積み卸しする,HSK6-2455,
2456,庄严,zhuāngyán,厳粛である,HSK6-2456,
2457,庄重,zhuāngzhòng,まじめで慎重である,HSK6-2457,
2458,幢,chuáng,旗,HSK6-2458,
2459,壮观,zhuàngguān,壮観である,HSK6-2459,
2460,壮丽,zhuànglì,壮麗である,HSK6-2460,
2461,壮烈,zhuàngliè,壮烈である,HSK6-2461,
2462,追悼,zhuīdào,追悼する,HSK6-2462,
2463,追究,zhuījiù,追求する,HSK6-2463,
2464,准则,zhǔnzé,推測する,HSK6-2464,
2465,琢磨,zhuómó,琢磨する,HSK6-2465,
2466,着手,zhuóshǒu,着手する,HSK6-2466,
2467,着想,zhuóxiǎng,考える,HSK6-2467,
2468,卓越,zhuóyuè,卓越している,HSK6-2468,
2469,着重,zhuózhòng,重きを置く,HSK6-2469,
2470,资本,zīběn,資本,HSK6-2470,
2471,资产,zīchǎn,資産,HSK6-2471,
2472,资深,zīshēn,ベテランの,HSK6-2472,
2473,姿态,zītài,態度,HSK6-2473,
2474,滋味,zīwèi,味,HSK6-2474,
2475,滋长,zīzhǎng,生長する,HSK6-2475,
2476,资助,zīzhù,援助する,HSK6-2476,
2477,子弹,zǐdàn,銃弾,HSK6-2477,
2478,自卑,zìbēi,いじけている,HSK6-2478,
2479,自发,zìfā,自発的,HSK6-2479,
2480,自力更生,zìlìgēngshēng,自力更生する,HSK6-2480,
2481,自满,zìmǎn,自己満足する,HSK6-2481,
2482,字母,zìmǔ,字母,HSK6-2482,
2483,自主,zìzhǔ,自主的な,HSK6-2483,
2484,踪迹,zōngjī,足跡,HSK6-2484,
2485,棕色,zōngsè,茶褐色,HSK6-2485,
2486,宗旨,zōngzhǐ,主旨,HSK6-2486,
2487,总而言之,zǒng'éryánzhī,要するに,HSK6-2487,
2488,总和,zǒnghé,総和,HSK6-2488,
2489,纵横,zònghéng,縦横である,HSK6-2489,
2490,走廊,zǒuláng,廊下,HSK6-2490,
2491,走漏,zǒulòu,漏らす,HSK6-2491,
2492,走私,zǒusī,密輸する,HSK6-2492,
2493,揍,zòu,殴る,HSK6-2493,
2494,租赁,zūlìn,賃借りする,HSK6-2494,
2495,足以,zúyǐ,十分に,HSK6-2495,
2496,组,zǔ,組織する,HSK6-2496,
2497,阻碍,zǔ'ài,妨げる,HSK6-2497,
2498,祖父,zǔfù,祖父,HSK6-2498,
2499,阻拦,zǔlán,阻止する,HSK6-2499,
2500,阻挠,zǔnáo,妨害する,HSK6-2500,
2501,钻研,zuānyán,研鑽する,HSK6-2501,
2502,钻石,zuànshí,ダイヤモンド,HSK6-2502,
2503,嘴唇,zuǐchún,唇,HSK6-2503,
2504,遵循,zūnxún,従い行な,HSK6-2504,
2505,尊严,zūnyán,尊く厳かである,HSK6-2505,
2506,左右,zuǒyòu,およそ,HSK6-2506,
2507,作弊,zuòbì,不正を働く,HSK6-2507,
2508,做东,zuòdōng,おごる,HSK6-2508,
2509,作废,zuòfèi,無効にする,HSK6-2509,
2510,作风,zuòfēng,作風,HSK6-2510,
2511,作息,zuòxí,仕事と休み,HSK6-2511,
2512,座右铭,zuòyòumíng,モットー,HSK6-2512,
2513,做主,zuòzhǔ,支持する,HSK6-2513,